Pos,MPG,2PA,FTA,ORB,DRB,AST,STL,BLK,TOV,PF,ORtg,DRtg,2P_3-10,2P_10-16,2P_16-3P,2P%_0-3,2P%_3-10,2P%_10-16,2P%_16-3P,3P%,2P%_asst,3P%_asst,Corner3%_3PA,Corner3%
C,26.66666666666667,13.7,5.8,6.0,10.9,4.2,1.5,1.9,2.7,3.5,122.0,106,0.397,0.08199999999999999,0.002,0.743,0.416,0.513,1.0,0.333,0.67,1.0,0.333,0.0
PF,33.56944444444444,15.7,7.7,3.6,11.3,7.4,1.7,1.9,4.1,3.7,116.0,106,0.301,0.14400000000000002,0.056,0.726,0.445,0.404,0.227,0.14300000000000002,0.715,0.5,0.5710000000000001,0.125
C,33.094339622641506,17.3,5.2,2.8,7.9,3.5,1.0,2.4,2.0,3.5,115.0,112,0.129,0.227,0.245,0.7190000000000001,0.471,0.461,0.433,0.389,0.5670000000000001,0.951,0.185,0.379
SG,12.574468085106385,10.4,2.9,0.7,5.9,7.0,1.3,0.6,4.2,4.5,93.0,113,0.173,0.053,0.03,0.523,0.261,0.214,0.375,0.34600000000000003,0.192,0.913,0.188,0.36
SG,18.894736842105264,7.2,2.9,0.5,5.0,3.4,0.7,0.1,2.1,3.4,114.0,115,0.179,0.104,0.004,0.711,0.444,0.5,0.0,0.404,0.6,0.982,0.255,0.556
C,26.457142857142852,11.7,6.9,5.5,11.6,2.8,1.0,2.4,2.0,4.1,132.0,106,0.211,0.019,0.002,0.746,0.3670000000000001,0.444,0.0,0.0,0.795,0.0,0.833,0.0
PF,21.11111111111111,6.4,3.7,3.1,8.1,2.7,2.3,1.0,2.2,3.5,88.0,108,0.244,0.0,0.07,0.435,0.19,0.0,0.333,0.25,0.438,0.889,0.222,0.375
SF,19.850746268656717,8.6,2.7,2.0,8.0,5.7,1.9,1.3,2.3,3.9,109.0,109,0.263,0.136,0.085,0.6629999999999999,0.506,0.4,0.5,0.282,0.541,1.0,0.518,0.25
PF,30.42857142857143,22.5,15.0,3.3,17.1,8.4,1.5,1.6,5.5,4.6,116.0,97,0.16,0.073,0.048,0.779,0.343,0.433,0.4,0.304,0.438,0.551,0.034,0.5
PF,32.793103448275865,13.9,4.0,1.8,7.4,2.1,1.2,0.7,2.5,4.3,104.0,115,0.105,0.238,0.175,0.53,0.476,0.419,0.38,0.385,0.39,0.943,0.212,0.563
SF,29.94202898550725,7.8,2.3,1.8,6.5,2.5,2.2,1.0,1.8,3.8,114.0,104,0.111,0.025,0.009000000000000001,0.68,0.27,0.35700000000000004,0.2,0.39,0.64,0.955,0.504,0.4
PG,16.03448275862069,4.2,2.0,1.0,4.7,5.0,1.4,0.2,1.9,5.0,111.0,113,0.1,0.1,0.023,0.606,0.318,0.318,0.4,0.391,0.5,0.889,0.29,0.475
SF,28.169811320754718,3.8,2.4,1.1,6.8,2.9,2.2,0.5,1.8,3.6,114.0,112,0.065,0.012,0.015,0.701,0.19,0.0,0.0,0.3720000000000001,0.6920000000000001,0.948,0.377,0.397
SF,24.71875,2.6,1.7,1.3,7.7,3.1,2.1,0.4,1.7,3.9,108.0,111,0.042,0.012,0.018000000000000002,0.677,0.0,0.0,0.0,0.35200000000000004,0.5710000000000001,0.977,0.369,0.333
SF,33.42857142857143,5.0,3.2,0.9,5.9,2.8,2.3,0.5,1.9,3.3,121.0,114,0.08800000000000001,0.013,0.013,0.7140000000000001,0.28600000000000003,0.0,0.0,0.4,0.75,0.912,0.388,0.485
PG,24.91228070175439,8.9,6.2,0.8,3.4,9.0,1.2,0.0,2.9,2.5,114.0,114,0.16699999999999998,0.121,0.078,0.5710000000000001,0.28600000000000003,0.5,0.333,0.348,0.193,0.629,0.129,0.34600000000000003
C,32.526315789473685,21.3,3.4,5.6,11.1,2.8,1.0,2.2,3.1,4.5,111.0,108,0.227,0.188,0.1,0.725,0.411,0.393,0.386,0.231,0.746,1.0,0.154,0.5
SG,17.615384615384613,12.9,3.9,1.1,6.2,3.8,1.7,0.1,2.7,3.8,86.0,114,0.238,0.107,0.061,0.449,0.345,0.231,0.333,0.284,0.47,0.895,0.149,0.3
C,25.69230769230769,21.1,4.5,4.2,9.9,1.5,0.9,1.7,2.6,6.2,102.0,111,0.293,0.06,0.084,0.6809999999999999,0.306,0.2,0.5710000000000001,0.182,0.635,1.0,0.045,0.0
PG,32.142857142857146,6.7,1.7,1.6,7.1,10.0,2.0,0.9,4.4,2.9,103.0,111,0.083,0.049,0.079,0.608,0.246,0.324,0.278,0.375,0.411,0.8240000000000001,0.21,0.349
C,14.161290322580646,9.9,2.6,5.5,11.2,2.3,1.3,4.8,2.3,6.4,111.0,103,0.126,0.031,0.063,0.6809999999999999,0.194,0.444,0.278,0.34600000000000003,0.537,1.0,0.103,0.182
PG,15.517241379310345,13.1,2.4,1.1,4.6,12.0,0.5,0.2,4.1,2.9,109.0,116,0.15,0.101,0.07200000000000001,0.5820000000000001,0.29,0.28600000000000003,0.4,0.376,0.094,0.406,0.094,0.5
PF,34.47222222222222,10.3,5.2,1.5,5.4,3.1,0.8,0.2,1.7,1.8,116.0,116,0.285,0.058,0.025,0.691,0.363,0.304,0.3,0.381,0.525,0.873,0.336,0.35600000000000004
SG,30.42857142857143,15.1,7.3,1.4,6.5,4.1,1.6,0.5,3.5,3.5,95.0,114,0.201,0.065,0.07200000000000001,0.568,0.267,0.277,0.28800000000000003,0.32,0.354,0.937,0.299,0.35600000000000004
SF,33.03448275862069,11.6,3.4,2.0,7.5,5.5,1.6,0.7,2.3,3.1,113.0,111,0.18600000000000005,0.079,0.06,0.616,0.328,0.414,0.568,0.375,0.393,0.7040000000000001,0.122,0.486
PF,16.90909090909091,8.2,4.7,1.6,6.4,1.9,1.2,1.5,1.1,2.7,111.0,113,0.128,0.034,0.013,0.611,0.3,0.125,0.333,0.33,0.667,0.941,0.417,0.419
PF,17.45945945945946,8.0,4.7,1.5,6.4,2.2,1.2,1.4,1.0,2.6,111.0,113,0.136,0.039,0.015,0.644,0.25,0.125,0.333,0.33,0.6609999999999999,0.968,0.404,0.421
SF,22.95454545454545,3.2,1.0,2.5,7.4,6.5,1.7,0.8,2.2,4.1,107.0,112,0.012,0.07400000000000001,0.086,0.611,1.0,0.333,0.0,0.28600000000000003,0.214,0.929,0.388,0.316
C,22.23809523809524,10.8,3.8,3.6,8.4,3.4,0.5,1.2,2.5,7.2,113.0,112,0.171,0.039,0.016,0.638,0.569,0.333,0.16699999999999998,0.35100000000000003,0.7340000000000001,1.0,0.14300000000000002,0.25
SF,24.823529411764714,8.2,4.2,0.8,7.6,2.6,2.1,1.1,2.6,5.6,96.0,112,0.139,0.069,0.067,0.531,0.243,0.297,0.306,0.344,0.491,0.952,0.459,0.313
SF,25.837209302325586,6.6,3.1,0.6,6.8,2.6,1.9,1.3,2.6,5.2,92.0,113,0.104,0.083,0.077,0.464,0.235,0.259,0.4,0.327,0.404,0.946,0.433,0.297
SF,23.08,11.4,6.3,1.2,9.1,2.7,2.4,0.8,2.6,6.3,103.0,109,0.192,0.048,0.053,0.595,0.25,0.4,0.091,0.384,0.5760000000000001,0.964,0.521,0.342
PF,18.524590163934427,7.6,2.7,1.3,9.3,1.8,1.0,1.8,1.9,2.4,96.0,108,0.196,0.038,0.035,0.604,0.226,0.25,0.364,0.348,0.618,0.898,0.333,0.298
SG,36.017543859649116,18.7,10.4,1.2,4.3,7.9,1.6,0.5,4.4,2.9,113.0,117,0.141,0.135,0.115,0.6890000000000001,0.397,0.438,0.387,0.353,0.376,0.635,0.119,0.316
SG,21.98181818181818,10.3,2.6,0.7,5.2,3.0,1.6,0.3,2.3,3.1,105.0,114,0.129,0.096,0.069,0.634,0.261,0.471,0.378,0.388,0.667,0.888,0.185,0.451
SG,18.195121951219512,9.3,2.5,0.6,4.5,3.2,2.1,0.4,2.4,3.3,100.0,112,0.13,0.103,0.09,0.581,0.231,0.452,0.407,0.36,0.644,0.966,0.193,0.419
SG,33.07142857142857,11.8,2.8,0.9,6.2,2.7,0.9,0.2,2.1,2.7,111.0,115,0.129,0.086,0.043,0.672,0.3,0.5,0.3,0.426,0.6890000000000001,0.7959999999999999,0.174,0.5
SG,15.491228070175438,7.4,3.1,0.4,5.0,3.7,0.6,0.1,1.0,2.4,110.0,118,0.048,0.048,0.252,0.667,0.2,0.333,0.38,0.376,0.893,0.8959999999999999,0.219,0.41
SG,21.27906976744186,8.3,2.4,1.7,6.0,4.1,2.8,1.0,3.1,4.3,95.0,112,0.206,0.031,0.009000000000000001,0.607,0.426,0.5710000000000001,0.0,0.231,0.584,1.0,0.4,0.308
PF,17.875,8.1,2.3,2.6,9.4,4.6,0.7,1.5,3.5,6.9,102.0,110,0.261,0.0,0.0,0.68,0.375,0.0,0.0,0.349,0.846,1.0,0.279,0.417
PF,29.31481481481481,4.1,3.6,1.0,6.2,2.7,1.1,1.0,1.7,4.1,120.0,116,0.059,0.034,0.036000000000000004,0.644,0.306,0.429,0.318,0.424,0.754,0.915,0.078,0.568
PG,26.31372549019608,4.8,1.7,2.0,7.4,6.4,1.9,0.9,2.3,5.5,116.0,107,0.147,0.041,0.015,0.591,0.46,0.28600000000000003,0.2,0.388,0.299,0.95,0.311,0.422
C,19.20833333333333,7.5,5.3,4.8,6.8,2.6,1.1,1.2,1.6,4.8,121.0,111,0.448,0.063,0.006999999999999999,0.706,0.344,0.222,1.0,0.0,0.6709999999999999,0.0,1.0,0.0
C,19.41509433962264,13.5,7.4,5.8,9.2,2.4,0.5,2.4,2.3,5.6,116.0,112,0.32,0.065,0.011,0.7020000000000001,0.315,0.278,0.0,0.0,0.8340000000000001,0.0,0.0,0.0
PF,27.930555555555557,8.0,2.0,2.7,8.4,4.9,1.5,1.0,2.4,5.2,119.0,111,0.198,0.031,0.029,0.63,0.465,0.45,0.368,0.419,0.55,0.948,0.125,0.525
PG,26.98360655737705,13.5,5.9,1.2,6.6,9.1,1.6,0.7,4.1,3.6,112.0,104,0.185,0.098,0.07400000000000001,0.7090000000000001,0.354,0.362,0.404,0.344,0.319,0.459,0.126,0.29600000000000004
SG,28.950819672131143,8.9,3.2,0.7,5.0,5.7,1.8,0.4,2.8,3.7,110.0,113,0.128,0.099,0.076,0.677,0.459,0.434,0.552,0.3720000000000001,0.358,0.8540000000000001,0.193,0.365
SF,33.063492063492056,11.2,6.5,0.9,5.1,3.1,0.8,0.2,3.7,2.6,111.0,113,0.207,0.08,0.029,0.698,0.361,0.333,0.259,0.414,0.507,0.857,0.282,0.473
SF,18.939393939393934,6.1,3.2,2.7,5.6,2.8,1.7,0.8,2.2,5.8,116.0,116,0.179,0.038,0.017,0.648,0.476,0.222,0.25,0.35200000000000004,0.5589999999999999,1.0,0.38,0.444
SG,35.885714285714286,16.7,9.6,0.5,5.1,8.6,0.9,0.3,5.0,4.0,115.0,114,0.136,0.213,0.112,0.72,0.463,0.487,0.424,0.354,0.416,0.61,0.09,0.361
C,13.209677419354836,10.5,6.7,6.2,9.9,1.5,1.3,3.5,1.6,6.6,124.0,101,0.1,0.017,0.02,0.621,0.433,0.2,0.333,0.322,0.66,1.0,0.14400000000000002,0.17600000000000002
PG,22.555555555555557,10.1,1.9,1.1,4.6,6.2,2.1,0.5,3.3,4.8,96.0,115,0.159,0.146,0.153,0.657,0.314,0.468,0.388,0.308,0.446,0.727,0.234,0.44
SG,24.20408163265306,8.4,1.0,0.7,3.9,2.5,1.7,0.2,1.9,4.4,103.0,110,0.091,0.076,0.211,0.6459999999999999,0.429,0.448,0.457,0.364,0.738,0.921,0.468,0.358
C,11.43103448275862,13.7,3.4,8.1,11.5,1.7,1.0,2.4,2.2,8.4,135.0,106,0.201,0.016,0.005,0.743,0.368,0.667,0.0,1.0,0.691,1.0,0.0,0.0
SF,27.97260273972603,6.7,2.8,1.5,5.2,3.0,2.4,1.1,1.7,3.8,119.0,110,0.122,0.062,0.029,0.7490000000000001,0.339,0.3670000000000001,0.429,0.361,0.763,0.986,0.49,0.411
SF,30.69230769230769,11.4,3.3,2.2,6.9,2.9,1.0,1.2,2.4,3.3,103.0,114,0.226,0.05,0.017,0.621,0.335,0.316,0.5379999999999999,0.33,0.514,0.939,0.353,0.377
SF,10.588235294117649,2.1,2.1,1.3,10.2,3.0,1.3,1.1,1.6,4.0,114.0,110,0.034,0.034,0.0,0.25,0.5,0.0,0.0,0.392,0.5,0.95,0.294,0.4
PG,30.85185185185185,15.0,5.4,1.3,6.3,11.1,1.0,0.3,3.8,2.9,111.0,111,0.087,0.099,0.179,0.5329999999999999,0.308,0.541,0.466,0.326,0.187,0.453,0.078,0.222
SG,28.93150684931507,14.5,4.5,1.5,3.9,3.3,1.4,0.6,2.7,6.1,100.0,113,0.155,0.174,0.117,0.528,0.38,0.435,0.392,0.358,0.535,0.8909999999999999,0.107,0.386
PG,28.17241379310345,10.6,3.6,1.8,6.4,6.9,1.9,0.9,3.0,4.9,106.0,112,0.34700000000000003,0.036000000000000004,0.011,0.6,0.355,0.25,0.2,0.344,0.382,0.97,0.625,0.417
SG,33.929824561403514,13.7,6.1,1.5,7.5,2.9,1.6,0.5,3.1,4.2,110.0,108,0.194,0.09,0.065,0.703,0.407,0.488,0.362,0.382,0.477,0.884,0.269,0.484
SF,14.75,7.1,2.4,1.8,9.0,3.0,1.7,0.4,2.5,3.2,97.0,103,0.125,0.063,0.055,0.569,0.313,0.375,0.14300000000000002,0.324,0.471,0.909,0.324,0.4320000000000001
SF,25.82608695652174,11.6,3.6,2.0,8.1,4.7,2.2,0.2,2.1,3.5,109.0,114,0.195,0.108,0.138,0.68,0.355,0.343,0.36,0.341,0.528,0.967,0.263,0.447
PG,17.92982456140351,12.7,3.5,1.0,5.3,8.9,1.0,0.2,3.1,3.5,114.0,114,0.258,0.139,0.116,0.623,0.5,0.5,0.4,0.358,0.239,0.8140000000000001,0.233,0.35700000000000004
C,24.93478260869565,13.3,4.7,4.0,9.5,3.4,1.0,2.0,2.2,4.2,127.0,114,0.134,0.093,0.14400000000000002,0.785,0.518,0.462,0.4,0.407,0.772,0.946,0.11,0.4
SG,23.58620689655172,8.0,1.5,0.9,3.9,3.0,1.8,0.2,1.4,4.0,105.0,115,0.071,0.076,0.196,0.6940000000000001,0.188,0.412,0.409,0.333,0.7170000000000001,0.973,0.27,0.3
PG,15.757575757575758,12.5,2.7,1.5,3.2,7.7,1.5,0.2,2.0,3.1,117.0,113,0.11,0.124,0.163,0.5489999999999999,0.348,0.5770000000000001,0.324,0.4270000000000001,0.32299999999999995,0.8440000000000001,0.227,0.471
PG,13.16,13.1,2.7,2.2,2.9,7.8,1.0,0.1,1.8,3.1,119.0,114,0.118,0.134,0.197,0.688,0.2,0.588,0.32,0.421,0.395,0.938,0.132,0.8
SF,26.57575757575757,12.8,7.2,1.3,6.4,5.2,1.7,0.5,2.5,3.5,112.0,114,0.16399999999999998,0.13,0.113,0.565,0.341,0.42,0.379,0.385,0.424,0.6809999999999999,0.18600000000000005,0.464
SF,28.95833333333333,13.0,7.7,1.3,6.5,5.2,1.7,0.6,2.6,3.7,110.0,114,0.168,0.128,0.118,0.516,0.34700000000000003,0.39,0.408,0.375,0.475,0.726,0.17,0.395
SG,20.222222222222218,12.0,5.5,1.5,6.0,5.1,1.6,0.0,2.0,2.8,120.0,111,0.15,0.138,0.096,0.8079999999999999,0.32,0.522,0.25,0.416,0.244,0.563,0.234,0.611
SF,33.77586206896552,15.9,13.1,2.6,7.0,8.7,2.6,0.8,3.2,2.0,123.0,108,0.257,0.15,0.095,0.655,0.426,0.386,0.278,0.244,0.402,0.552,0.193,0.217
SG,25.53623188405797,7.2,2.8,1.0,2.8,3.0,1.5,0.4,1.7,3.5,115.0,110,0.071,0.091,0.112,0.6509999999999999,0.528,0.391,0.421,0.385,0.7659999999999999,0.924,0.397,0.389
C,32.7948717948718,14.0,3.8,6.1,13.4,1.7,1.2,2.6,2.3,3.7,124.0,105,0.232,0.008,0.0,0.722,0.333,0.333,0.0,0.0,0.8029999999999999,0.0,0.0,0.0
SF,12.083333333333336,5.3,6.8,1.9,7.0,4.0,1.3,0.8,2.8,5.2,103.0,113,0.16699999999999998,0.091,0.0,0.563,0.364,0.667,0.0,0.242,0.647,0.875,0.364,0.5
PG,16.293103448275858,4.9,1.4,1.5,4.4,4.2,2.4,0.9,1.6,4.3,114.0,111,0.08199999999999999,0.062,0.103,0.486,0.2,0.4,0.44,0.425,0.436,0.903,0.342,0.46
PF,14.6,5.4,1.5,1.0,5.6,2.6,1.2,1.3,1.8,4.8,94.0,116,0.08199999999999999,0.102,0.07200000000000001,0.417,0.56,0.419,0.409,0.302,0.457,0.8690000000000001,0.188,0.342
C,29.209302325581394,12.0,5.8,5.3,10.2,2.0,1.3,1.4,2.8,6.2,115.0,108,0.204,0.096,0.044,0.6940000000000001,0.28600000000000003,0.515,0.267,0.207,0.695,1.0,0.414,0.16699999999999998
SG,18.511111111111113,10.8,5.6,2.7,5.9,6.4,2.9,1.3,3.0,5.1,109.0,107,0.277,0.077,0.023,0.586,0.431,0.35,0.0,0.293,0.483,0.955,0.307,0.261
PG,18.359375,6.9,3.8,0.7,4.3,5.0,2.8,0.7,2.1,4.0,107.0,106,0.134,0.08199999999999999,0.045,0.684,0.205,0.16699999999999998,0.231,0.333,0.575,0.875,0.325,0.308
C,20.314814814814813,13.1,2.9,3.7,10.1,3.1,2.1,2.7,1.7,5.3,117.0,108,0.238,0.093,0.106,0.787,0.389,0.28600000000000003,0.188,0.0,0.789,0.0,0.0,0.0
C,22.92682926829268,13.1,2.9,3.6,9.4,3.1,2.3,2.5,1.8,5.2,114.0,109,0.249,0.101,0.117,0.774,0.391,0.308,0.16699999999999998,0.0,0.764,0.0,0.0,0.0
C,12.076923076923075,13.5,2.8,4.0,14.5,3.1,1.2,3.4,1.5,5.8,135.0,105,0.17800000000000002,0.044,0.044,0.8440000000000001,0.375,0.0,0.5,0.0,0.903,0.0,0.0,0.0
PF,20.97142857142857,4.0,1.5,0.7,8.6,2.5,1.0,0.8,2.2,5.1,99.0,110,0.16399999999999998,0.038,0.038,0.722,0.5329999999999999,0.28600000000000003,0.857,0.306,0.514,1.0,0.256,0.387
PG,14.321428571428573,8.0,0.6,1.1,5.2,9.8,2.5,0.5,3.8,4.3,103.0,111,0.136,0.071,0.043,0.485,0.368,0.4,0.16699999999999998,0.375,0.214,0.852,0.111,0.625
PG,15.444444444444445,8.5,0.9,1.5,4.9,9.4,1.9,0.3,3.9,4.3,107.0,110,0.113,0.066,0.028,0.5,0.5,0.5710000000000001,0.333,0.35700000000000004,0.2,0.8,0.107,0.5
PF,20.271186440677965,13.8,6.2,4.6,10.0,4.6,1.6,2.5,3.1,4.9,117.0,110,0.223,0.029,0.034,0.674,0.395,0.364,0.385,0.205,0.743,1.0,0.077,0.667
SF,13.5,1.9,0.8,3.1,6.1,1.4,0.5,1.9,0.8,3.9,120.0,112,0.038,0.015,0.008,0.7859999999999999,0.4,0.5,1.0,0.35100000000000003,0.667,1.0,0.28800000000000003,0.406
PF,11.777777777777779,1.7,1.5,2.4,6.3,2.6,0.4,1.5,0.4,4.6,126.0,113,0.017,0.017,0.0,0.833,0.0,0.0,0.0,0.353,0.8,1.0,0.314,0.438
SF,14.791666666666664,1.9,0.4,3.6,6.0,0.7,0.5,2.1,1.1,3.4,116.0,111,0.054000000000000006,0.014,0.014,0.75,0.5,1.0,1.0,0.35,0.6,1.0,0.267,0.375
PF,22.41379310344828,14.9,4.0,3.3,9.1,2.9,1.1,1.7,2.0,3.6,127.0,109,0.215,0.14800000000000002,0.033,0.773,0.524,0.5489999999999999,0.375,0.359,0.813,1.0,0.422,0.29600000000000004
SG,24.014084507042252,13.0,4.7,1.4,3.9,3.9,1.3,0.5,2.8,3.1,111.0,114,0.22,0.083,0.027000000000000003,0.7020000000000001,0.482,0.333,0.348,0.368,0.256,0.77,0.232,0.396
SG,22.96551724137931,12.2,6.3,1.5,3.5,5.1,1.2,0.6,2.8,2.4,116.0,118,0.172,0.08,0.028,0.6579999999999999,0.429,0.269,0.444,0.371,0.294,0.78,0.16399999999999998,0.423
SG,24.73809523809524,13.4,3.7,1.4,4.2,3.1,1.4,0.4,2.7,3.5,109.0,112,0.25,0.085,0.026,0.7390000000000001,0.504,0.37,0.28600000000000003,0.366,0.236,0.763,0.276,0.386
C,12.466666666666667,10.4,5.3,4.8,6.3,4.0,0.3,2.0,2.3,3.5,118.0,111,0.292,0.021,0.021,0.8,0.35700000000000004,1.0,0.0,0.14300000000000002,0.6920000000000001,1.0,0.5710000000000001,0.0
PF,33.24390243902439,15.7,5.1,4.0,10.3,2.1,1.1,2.3,2.6,4.7,124.0,112,0.185,0.068,0.035,0.768,0.473,0.293,0.524,0.401,0.748,0.966,0.129,0.368
PF,26.363636363636363,8.1,1.3,4.1,7.2,2.6,0.8,0.8,2.3,5.9,110.0,116,0.206,0.044,0.029,0.633,0.28600000000000003,0.333,0.5,0.368,0.68,1.0,0.316,0.16699999999999998
PG,29.0,11.1,5.0,1.2,4.2,7.4,1.3,0.2,3.3,3.7,109.0,112,0.203,0.138,0.07400000000000001,0.5660000000000001,0.391,0.359,0.476,0.375,0.257,0.625,0.199,0.451
SG,18.55223880597015,5.0,1.5,2.2,8.2,3.9,0.9,1.1,1.9,2.6,114.0,104,0.063,0.013,0.023,0.705,0.368,0.25,0.0,0.331,0.732,0.945,0.114,0.316
PG,11.545454545454545,12.1,1.3,1.0,3.7,4.6,1.1,0.2,3.1,2.5,99.0,111,0.145,0.08900000000000001,0.17800000000000002,0.61,0.29,0.632,0.368,0.365,0.333,0.774,0.247,0.476
PF,30.52857142857143,5.3,2.7,1.4,8.7,1.9,2.5,2.0,2.2,4.8,105.0,107,0.087,0.012,0.019,0.675,0.429,0.444,0.5,0.335,0.7709999999999999,0.925,0.131,0.365
PF,29.39583333333333,6.1,3.1,1.2,8.3,1.8,2.6,1.5,2.4,4.9,106.0,109,0.097,0.018000000000000002,0.024,0.6609999999999999,0.479,0.444,0.417,0.34600000000000003,0.769,0.889,0.093,0.379
C,33.0,3.8,1.9,1.7,9.5,2.0,2.2,3.1,1.9,4.6,105.0,105,0.066,0.0,0.009000000000000001,0.7140000000000001,0.267,0.0,1.0,0.315,0.778,1.0,0.202,0.353
SG,17.64864864864865,4.1,1.0,0.8,4.7,2.4,1.1,0.3,1.2,3.4,97.0,117,0.085,0.096,0.079,0.75,0.333,0.412,0.429,0.303,0.667,1.0,0.244,0.414
SG,18.642857142857142,4.5,1.1,0.9,4.9,2.5,1.3,0.4,1.1,3.2,100.0,117,0.091,0.112,0.084,0.667,0.308,0.375,0.5,0.32299999999999995,0.591,1.0,0.194,0.444
SF,18.48275862068965,6.0,1.7,2.9,5.8,2.2,1.1,1.7,1.2,6.2,116.0,112,0.07400000000000001,0.041,0.03,0.7390000000000001,0.3,0.182,0.375,0.326,0.633,0.956,0.341,0.298
SF,28.84615384615385,4.3,3.2,1.3,8.4,4.1,1.8,0.6,1.7,3.6,111.0,109,0.044,0.02,0.05,0.648,0.36,0.273,0.393,0.343,0.648,0.852,0.226,0.382
SF,29.377777777777773,4.7,3.4,1.4,8.4,4.4,1.7,0.5,1.9,3.0,106.0,110,0.05,0.023,0.058,0.642,0.3,0.111,0.435,0.293,0.594,0.821,0.184,0.306
PF,27.65,3.2,2.6,1.1,8.4,3.2,2.2,0.9,1.3,5.1,127.0,107,0.03,0.012,0.03,0.667,0.6,1.0,0.2,0.445,0.818,0.895,0.313,0.475
SG,23.904761904761905,10.7,3.6,2.2,4.4,3.4,1.8,1.2,2.5,3.9,94.0,113,0.18600000000000005,0.03,0.016,0.583,0.274,0.412,0.222,0.299,0.396,0.758,0.17600000000000002,0.205
SG,24.625,7.8,3.0,0.8,3.6,3.8,1.2,0.3,1.9,3.5,123.0,115,0.129,0.105,0.117,0.7120000000000001,0.446,0.55,0.537,0.452,0.424,0.8,0.171,0.436
SG,11.319148936170215,4.9,1.4,1.1,3.6,1.5,1.0,0.3,1.1,3.3,105.0,112,0.065,0.065,0.108,0.7,0.5,0.5,0.35,0.348,0.769,0.957,0.28,0.4320000000000001
SG,11.121951219512193,4.8,1.7,1.3,3.5,1.5,0.8,0.3,0.9,3.1,108.0,112,0.07,0.07,0.08900000000000001,0.7,0.545,0.455,0.28600000000000003,0.35700000000000004,0.727,0.95,0.277,0.419
PF,34.37096774193548,19.6,11.7,3.2,9.7,4.5,2.0,3.2,3.4,3.5,121.0,102,0.172,0.155,0.13,0.758,0.413,0.412,0.322,0.33,0.578,0.986,0.17,0.4320000000000001
C,10.821428571428573,7.4,2.2,5.6,11.2,1.9,1.8,1.4,2.1,9.8,110.0,106,0.37,0.0,0.022,0.607,0.235,0.0,1.0,0.0,0.545,0.0,0.0,0.0
SG,16.791666666666668,7.6,2.3,2.0,7.4,4.5,1.5,0.6,3.0,4.9,111.0,106,0.08900000000000001,0.037000000000000005,0.014,0.677,0.282,0.188,0.16699999999999998,0.388,0.419,0.904,0.236,0.474
C,17.59090909090909,9.2,2.2,3.7,11.7,1.4,1.5,2.5,3.5,8.2,90.0,108,0.153,0.047,0.055,0.675,0.333,0.417,0.429,0.206,0.738,0.955,0.187,0.15
C,15.911764705882351,9.0,2.5,4.1,10.9,1.3,1.3,2.3,4.2,8.3,89.0,108,0.181,0.035,0.064,0.6920000000000001,0.355,0.5,0.455,0.197,0.7090000000000001,1.0,0.141,0.3
PG,14.403508771929824,5.0,2.2,1.1,3.4,10.7,1.2,0.1,3.5,4.6,103.0,118,0.229,0.103,0.011,0.542,0.4,0.611,0.5,0.231,0.317,0.905,0.165,0.333
SF,34.05882352941177,20.9,9.3,0.9,6.8,7.8,1.4,0.4,3.4,3.7,118.0,115,0.248,0.263,0.19,0.731,0.488,0.475,0.4320000000000001,0.257,0.27,0.889,0.28600000000000003,0.4
C,10.191489361702127,13.7,3.9,3.0,10.0,2.2,1.1,1.2,3.2,5.4,119.0,110,0.19,0.099,0.077,0.77,0.444,0.5710000000000001,0.364,0.333,0.835,1.0,0.667,0.5
SF,19.47826086956522,13.0,3.4,2.4,6.7,2.0,2.0,0.5,2.8,5.5,94.0,109,0.223,0.071,0.044,0.633,0.242,0.333,0.385,0.281,0.638,0.938,0.614,0.343
C,17.396825396825395,9.0,4.3,3.9,11.2,3.1,2.2,2.5,2.5,5.3,113.0,106,0.102,0.077,0.107,0.6759999999999999,0.324,0.393,0.41,0.355,0.723,0.963,0.263,0.45
C,16.91304347826087,9.4,3.5,4.4,10.9,3.5,2.2,2.5,2.6,5.3,113.0,107,0.087,0.069,0.112,0.602,0.292,0.421,0.419,0.383,0.6920000000000001,0.978,0.242,0.448
C,18.705882352941178,8.1,6.2,2.6,11.7,2.2,2.1,2.5,2.3,5.1,112.0,105,0.149,0.103,0.092,0.92,0.385,0.333,0.375,0.25,0.794,0.875,0.344,0.455
PG,31.15625,14.7,10.6,0.8,4.5,10.3,0.9,0.5,4.1,4.3,111.0,113,0.191,0.078,0.028,0.637,0.354,0.263,0.31,0.308,0.17600000000000002,0.496,0.13,0.327
SG,23.03030303030303,7.9,2.6,2.0,7.6,4.6,2.6,0.6,2.7,3.4,108.0,101,0.084,0.039,0.051,0.655,0.302,0.45,0.5,0.336,0.537,0.8190000000000001,0.158,0.256
PG,33.557377049180324,16.9,13.3,1.8,11.7,12.7,1.5,0.3,6.1,3.6,116.0,110,0.237,0.058,0.014,0.752,0.436,0.37,0.471,0.316,0.171,0.24,0.02,0.273
SF,22.777777777777782,6.9,3.1,1.4,3.4,1.6,1.8,0.2,1.3,5.7,103.0,111,0.142,0.023,0.0,0.605,0.226,0.0,0.0,0.297,0.643,1.0,0.396,0.325
SG,17.416666666666668,7.4,1.9,0.6,4.7,3.3,1.3,0.2,1.2,2.6,109.0,116,0.055,0.062,0.193,0.6759999999999999,0.25,0.389,0.446,0.362,0.541,0.8140000000000001,0.153,0.32
PF,19.84210526315789,9.0,3.0,1.3,6.4,1.2,1.3,0.5,2.3,5.2,90.0,114,0.195,0.03,0.034,0.545,0.391,0.28600000000000003,0.25,0.28600000000000003,0.7190000000000001,0.929,0.35700000000000004,0.28600000000000003
SG,14.20689655172414,13.0,3.5,1.2,5.4,7.6,1.7,0.7,3.2,5.4,102.0,112,0.197,0.185,0.108,0.677,0.258,0.414,0.412,0.34700000000000003,0.333,0.647,0.14300000000000002,0.14300000000000002
PG,28.186440677966104,11.3,7.2,0.9,4.6,8.8,1.2,0.3,4.2,3.6,110.0,113,0.152,0.106,0.093,0.6970000000000001,0.391,0.338,0.507,0.3670000000000001,0.338,0.653,0.16899999999999998,0.404
C,32.96491228070175,19.6,7.7,6.5,16.1,4.0,2.8,2.4,5.3,5.3,104.0,103,0.334,0.027000000000000003,0.005,0.662,0.393,0.19,0.0,0.14300000000000002,0.574,0.8,0.2,0.429
C,33.755102040816325,19.6,7.6,6.7,16.3,4.1,2.9,2.4,5.2,5.2,104.0,102,0.355,0.028,0.006,0.665,0.39,0.158,0.0,0.048,0.568,1.0,0.14300000000000002,0.0
PG,24.882352941176467,8.7,2.0,0.9,6.2,6.6,3.8,0.6,2.6,6.0,104.0,106,0.187,0.056,0.032,0.647,0.438,0.263,0.182,0.259,0.423,0.966,0.259,0.276
SG,15.5,2.7,1.1,0.3,5.3,3.8,1.1,0.3,1.6,3.6,105.0,116,0.029,0.006,0.098,0.75,0.0,1.0,0.235,0.35,0.636,0.94,0.105,0.6
C,29.529411764705888,20.2,14.0,4.5,14.5,4.9,1.4,2.1,5.1,5.6,113.0,104,0.195,0.202,0.134,0.725,0.468,0.407,0.355,0.331,0.452,0.912,0.035,0.333
SF,18.33333333333333,7.3,3.8,2.7,6.7,2.4,1.3,0.8,2.2,5.3,111.0,110,0.08900000000000001,0.039,0.028,0.649,0.313,0.28600000000000003,0.4,0.325,0.667,0.8909999999999999,0.337,0.404
SF,15.83673469387755,7.5,3.8,3.0,6.4,2.6,1.4,0.9,1.9,5.3,114.0,110,0.097,0.027000000000000003,0.027000000000000003,0.6509999999999999,0.182,0.0,0.5,0.349,0.698,1.0,0.415,0.4320000000000001
SG,24.45,7.0,3.7,2.3,7.2,2.2,1.2,0.8,2.7,5.2,105.0,111,0.075,0.06,0.03,0.6459999999999999,0.6,0.5,0.25,0.28600000000000003,0.619,0.667,0.206,0.308
C,12.363636363636365,11.6,4.6,4.9,10.0,2.6,0.9,3.0,3.7,6.5,120.0,111,0.403,0.06,0.045,0.75,0.556,0.5,0.333,1.0,0.69,1.0,1.0,1.0
SG,14.413793103448276,10.9,3.3,1.0,3.7,3.5,1.3,1.4,2.9,4.7,86.0,116,0.104,0.194,0.29100000000000004,0.375,0.214,0.385,0.333,0.333,0.625,0.923,0.256,0.3
SG,15.333333333333336,11.0,3.4,1.0,3.7,3.6,1.3,1.4,2.9,4.7,86.0,116,0.105,0.195,0.293,0.375,0.214,0.385,0.333,0.342,0.625,0.923,0.263,0.3
SG,13.857142857142858,7.6,4.3,1.2,5.5,4.0,1.3,0.8,3.1,3.8,106.0,115,0.252,0.008,0.0,0.644,0.3670000000000001,1.0,0.0,0.349,0.268,0.8,0.302,0.231
SG,16.75,7.1,5.0,1.1,5.6,4.0,1.5,0.7,2.5,3.6,112.0,116,0.208,0.0,0.0,0.667,0.35,0.0,0.0,0.35100000000000003,0.273,0.769,0.27,0.2
C,24.37254901960784,12.4,2.6,6.1,12.6,3.0,1.1,1.7,2.0,4.0,126.0,109,0.192,0.07400000000000001,0.032,0.706,0.462,0.44,0.364,0.14300000000000002,0.721,1.0,0.7140000000000001,0.2
C,17.545454545454547,6.5,2.9,6.9,5.9,2.0,1.2,0.2,2.2,4.2,130.0,112,0.222,0.056,0.019,0.75,0.5,0.333,0.0,0.0,0.5,0.0,0.0,0.0
SF,22.446428571428577,2.0,0.8,0.9,2.0,2.0,1.0,0.7,1.2,6.0,97.0,114,0.05,0.014,0.05,0.63,0.364,0.667,0.545,0.292,0.897,0.98,0.411,0.319
C,12.732142857142858,10.6,3.3,4.4,8.6,3.2,1.2,1.1,2.7,7.0,107.0,114,0.18600000000000005,0.04,0.01,0.713,0.297,0.625,0.0,0.135,0.6940000000000001,1.0,0.405,0.067
PG,10.6,10.0,3.8,0.5,3.9,6.3,1.6,0.4,2.6,3.5,107.0,114,0.053,0.18600000000000005,0.191,0.5710000000000001,0.2,0.514,0.528,0.304,0.236,0.667,0.177,0.5710000000000001
PF,29.859154929577464,5.0,2.5,3.3,5.9,2.6,1.0,0.9,1.6,4.1,122.0,113,0.069,0.006,0.019,0.659,0.361,0.333,0.3,0.376,0.636,0.965,0.4920000000000001,0.436
SG,25.063492063492063,6.1,2.7,0.4,3.4,3.3,1.0,0.0,1.7,3.4,110.0,118,0.081,0.048,0.146,0.675,0.404,0.393,0.435,0.388,0.723,0.932,0.08900000000000001,0.412
SF,31.45454545454545,11.6,5.2,0.4,3.6,4.9,1.7,0.4,2.9,3.8,112.0,112,0.147,0.104,0.107,0.691,0.474,0.381,0.475,0.399,0.4370000000000001,0.8270000000000001,0.14300000000000002,0.532
PG,32.03921568627451,18.7,10.2,1.0,4.8,10.3,2.2,0.7,4.7,4.3,111.0,112,0.266,0.135,0.06,0.665,0.452,0.391,0.551,0.292,0.145,0.611,0.135,0.16
SG,11.153846153846152,1.9,4.5,0.3,2.9,0.6,0.6,0.0,1.6,7.0,76.0,116,0.034,0.0,0.0,0.6,0.0,0.0,0.0,0.174,1.0,1.0,0.304,0.429
PG,13.148148148148149,8.9,3.3,1.2,3.3,12.9,1.9,0.6,5.0,5.8,99.0,114,0.213,0.106,0.213,0.5710000000000001,0.35,0.3,0.3,0.333,0.292,0.7,0.16699999999999998,0.6
PG,27.722222222222218,15.5,3.9,1.0,4.8,9.0,2.2,0.3,3.6,3.5,104.0,111,0.194,0.194,0.101,0.645,0.42,0.38,0.462,0.267,0.3,0.833,0.133,0.333
C,14.16279069767442,10.6,4.7,4.1,4.3,1.7,1.0,4.4,2.3,7.8,124.0,109,0.16399999999999998,0.006999999999999999,0.0,0.7659999999999999,0.409,0.0,0.0,0.0,0.7020000000000001,0.0,0.0,0.0
PF,29.580645161290327,10.0,7.9,0.9,7.6,3.2,1.1,0.1,2.0,2.0,120.0,111,0.097,0.081,0.133,0.645,0.278,0.424,0.459,0.405,0.494,0.86,0.098,0.3720000000000001
SG,25.78787878787879,6.1,2.5,1.0,3.4,2.9,1.4,0.3,1.2,2.8,118.0,116,0.13699999999999998,0.076,0.068,0.6779999999999999,0.392,0.439,0.459,0.399,0.7120000000000001,0.992,0.381,0.54
SG,30.915254237288128,10.7,1.9,0.7,2.2,6.1,1.1,0.1,4.0,2.5,96.0,119,0.153,0.149,0.094,0.468,0.439,0.423,0.379,0.355,0.28,0.733,0.182,0.389
C,26.38636363636364,5.4,2.0,1.3,10.0,6.0,1.4,1.6,2.4,5.1,110.0,103,0.179,0.115,0.05,0.629,0.54,0.375,0.071,0.385,0.6609999999999999,1.0,0.095,0.429
PF,21.80597014925373,12.3,4.4,2.0,9.8,3.7,1.1,1.1,2.9,3.4,107.0,113,0.156,0.193,0.114,0.72,0.366,0.47,0.471,0.336,0.49,0.851,0.268,0.28800000000000003
SF,29.5625,13.4,7.2,0.8,8.3,6.2,2.3,0.7,4.2,3.8,112.0,106,0.125,0.113,0.125,0.684,0.35700000000000004,0.409,0.35700000000000004,0.412,0.339,0.65,0.181,0.565
C,16.532258064516128,12.9,2.7,5.3,7.4,2.5,1.3,1.4,2.2,5.8,121.0,113,0.136,0.08,0.157,0.703,0.436,0.478,0.422,0.28600000000000003,0.7240000000000001,1.0,0.5710000000000001,0.25
C,14.5,18.1,3.6,3.1,10.5,4.4,1.6,1.3,3.2,8.7,111.0,109,0.259,0.16699999999999998,0.163,0.802,0.369,0.429,0.39,0.0,0.748,0.0,0.5,0.0
SG,34.68571428571428,15.3,7.1,0.9,7.3,4.6,1.6,0.9,2.7,2.3,111.0,109,0.263,0.136,0.068,0.617,0.404,0.5,0.507,0.34700000000000003,0.235,0.54,0.127,0.438
C,34.30882352941177,11.6,8.4,4.8,14.3,2.1,1.1,2.8,2.7,4.5,130.0,104,0.158,0.005,0.0,0.755,0.386,0.0,0.0,0.0,0.7490000000000001,0.0,0.0,0.0
PG,12.647058823529413,11.2,3.3,1.2,6.6,5.5,1.3,0.4,3.1,4.7,101.0,116,0.184,0.116,0.037000000000000005,0.6409999999999999,0.371,0.409,0.429,0.299,0.28,0.615,0.184,0.125
PF,32.53225806451613,12.8,5.4,2.6,8.9,5.5,1.2,0.9,2.4,3.0,107.0,110,0.126,0.15,0.08900000000000001,0.7040000000000001,0.361,0.348,0.162,0.308,0.5,0.89,0.177,0.333
SF,28.222222222222218,7.3,4.9,0.4,2.8,2.5,1.0,0.6,2.0,3.2,101.0,115,0.112,0.019,0.013,0.5589999999999999,0.385,0.333,0.0,0.317,0.5329999999999999,0.802,0.079,0.208
PG,35.09523809523809,8.6,5.3,1.0,3.9,10.7,1.4,0.3,4.1,2.6,109.0,116,0.11,0.07400000000000001,0.077,0.5429999999999999,0.274,0.35200000000000004,0.365,0.373,0.307,0.546,0.063,0.4320000000000001
SF,16.89090909090909,6.1,2.8,2.6,5.0,2.3,1.2,0.3,1.5,5.1,99.0,116,0.211,0.029,0.008,0.484,0.392,0.5710000000000001,0.0,0.275,0.63,0.97,0.292,0.229
SF,20.09090909090909,6.4,2.6,2.0,5.0,2.1,1.2,0.1,1.3,4.6,97.0,116,0.206,0.023,0.0,0.481,0.389,0.75,0.0,0.241,0.619,0.95,0.253,0.238
SF,12.090909090909092,5.3,3.3,3.9,4.9,2.6,1.2,0.7,1.8,6.3,104.0,117,0.224,0.045,0.03,0.5,0.4,0.333,0.0,0.35100000000000003,0.667,1.0,0.378,0.214
PF,26.647887323943657,10.0,5.1,1.5,5.0,2.3,1.3,1.5,1.6,4.0,117.0,112,0.16399999999999998,0.069,0.063,0.6859999999999999,0.413,0.409,0.275,0.389,0.7659999999999999,1.0,0.294,0.338
SG,24.808823529411764,4.1,1.4,1.4,4.9,2.6,2.4,0.9,1.8,3.8,108.0,107,0.07400000000000001,0.055,0.046,0.672,0.486,0.462,0.227,0.3670000000000001,0.675,0.975,0.391,0.398
PF,28.41860465116279,7.3,3.3,0.9,9.5,10.4,2.3,1.3,3.8,4.3,100.0,110,0.184,0.092,0.085,0.685,0.31,0.414,0.259,0.279,0.7240000000000001,1.0,0.093,0.333
PF,20.746031746031747,4.1,1.7,2.8,11.2,1.8,1.0,0.9,2.0,6.3,112.0,106,0.085,0.014,0.02,0.611,0.333,0.6,0.28600000000000003,0.387,0.5760000000000001,1.0,0.231,0.4
PF,20.0,8.0,4.5,1.2,5.4,2.5,1.3,0.9,2.1,4.4,114.0,111,0.16,0.026,0.017,0.747,0.436,0.333,0.333,0.339,0.67,0.952,0.388,0.38
PF,18.433333333333334,8.0,5.5,1.2,5.9,1.8,1.1,0.9,2.4,4.0,101.0,111,0.2,0.041,0.026,0.564,0.41,0.25,0.2,0.327,0.61,0.941,0.375,0.41
C,22.61111111111111,8.0,3.2,1.1,4.8,3.4,1.6,1.0,1.7,4.9,131.0,112,0.107,0.006999999999999999,0.006999999999999999,0.885,0.5,1.0,1.0,0.354,0.7140000000000001,0.964,0.405,0.344
PF,28.444444444444446,13.4,9.4,1.6,6.4,5.7,0.7,0.7,3.8,2.6,97.0,115,0.212,0.036000000000000004,0.032,0.565,0.358,0.222,0.125,0.243,0.393,0.593,0.21600000000000005,0.16699999999999998
SG,11.0,7.1,2.5,1.4,5.7,4.3,1.2,0.8,3.5,3.3,97.0,112,0.108,0.032,0.08900000000000001,0.605,0.412,0.2,0.429,0.301,0.568,0.96,0.241,0.3
PF,30.08333333333333,14.8,4.5,2.5,7.0,2.8,1.2,0.3,1.7,3.4,110.0,117,0.196,0.16,0.141,0.684,0.327,0.379,0.429,0.287,0.629,1.0,0.253,0.318
SG,29.450704225352112,8.6,4.2,0.6,4.8,3.2,0.9,0.1,1.6,2.9,116.0,115,0.11,0.08,0.098,0.612,0.35100000000000003,0.507,0.448,0.398,0.517,0.838,0.24,0.447
SG,36.51470588235294,12.5,14.9,1.3,7.0,9.5,2.3,1.1,5.7,4.2,120.0,108,0.177,0.018000000000000002,0.005,0.6679999999999999,0.414,0.444,0.5,0.355,0.139,0.171,0.045,0.342
PF,23.016129032258068,6.2,2.2,1.8,6.2,2.3,1.9,1.1,1.8,4.9,110.0,108,0.095,0.014,0.025,0.667,0.222,0.5,0.28600000000000003,0.34700000000000003,0.639,0.912,0.551,0.37
PF,22.82,6.0,1.7,1.9,6.3,2.0,2.0,1.2,1.9,5.0,109.0,107,0.097,0.009000000000000001,0.023,0.664,0.28600000000000003,0.5,0.2,0.37,0.647,0.963,0.603,0.4320000000000001
SF,23.83333333333333,7.0,4.1,1.4,5.4,3.4,1.5,0.5,1.2,4.8,114.0,114,0.091,0.03,0.03,0.677,0.0,0.5,0.5,0.28,0.609,0.7140000000000001,0.4,0.1
C,27.761904761904763,21.5,9.5,4.4,7.6,2.9,1.1,1.9,2.9,3.9,119.0,107,0.305,0.046,0.017,0.705,0.44,0.297,0.14300000000000002,0.0,0.618,0.0,0.0,0.0
SG,31.785714285714285,8.6,2.6,0.7,3.8,3.3,2.1,0.4,1.7,3.2,105.0,113,0.14800000000000002,0.081,0.075,0.649,0.234,0.28600000000000003,0.513,0.333,0.757,0.9,0.295,0.484
SF,30.768115942028984,8.4,2.0,1.4,5.2,3.2,0.9,0.4,2.3,3.5,114.0,112,0.111,0.029,0.052000000000000005,0.652,0.35600000000000004,0.478,0.463,0.424,0.7659999999999999,0.959,0.17,0.507
PF,34.291666666666664,16.0,4.2,1.4,8.4,4.5,1.0,0.8,2.0,3.2,113.0,110,0.214,0.157,0.095,0.662,0.482,0.467,0.33,0.3670000000000001,0.479,0.863,0.19,0.441
SG,11.255813953488374,12.2,5.0,2.2,6.4,4.9,3.4,1.9,1.9,5.5,116.0,105,0.17,0.048,0.012,0.5760000000000001,0.28600000000000003,0.5,0.0,0.381,0.508,0.813,0.381,0.313
SF,27.0,4.7,3.0,1.6,9.6,2.8,1.7,0.6,2.0,4.2,110.0,111,0.073,0.038,0.013,0.688,0.5379999999999999,0.25,0.14300000000000002,0.342,0.462,0.967,0.277,0.418
C,11.565217391304348,10.8,4.9,5.0,10.6,3.1,1.6,2.1,2.8,7.1,128.0,107,0.179,0.03,0.0,0.792,0.417,0.5,0.0,0.0,0.818,0.0,0.2,0.0
C,16.875,10.9,8.1,4.2,6.9,2.4,1.1,2.4,2.3,6.9,131.0,111,0.124,0.023,0.0,0.7509999999999999,0.25,0.333,0.0,0.25,0.809,1.0,0.25,1.0
SF,33.46153846153846,13.3,4.0,1.5,8.1,5.9,1.1,0.6,2.7,2.7,118.0,109,0.18600000000000005,0.171,0.113,0.752,0.446,0.4920000000000001,0.456,0.383,0.487,0.835,0.21600000000000005,0.396
C,15.0,11.0,3.7,3.7,9.4,4.4,2.0,3.4,2.9,6.3,112.0,109,0.31,0.006,0.012,0.785,0.453,1.0,0.0,0.222,0.77,1.0,0.278,0.3
C,14.20689655172414,10.5,3.9,3.8,9.7,5.1,1.9,3.8,2.5,6.5,112.0,109,0.28300000000000003,0.008,0.017,0.769,0.412,1.0,0.0,0.194,0.8,1.0,0.258,0.25
C,17.09090909090909,12.0,3.4,3.7,8.9,2.9,2.1,2.6,3.9,6.0,112.0,108,0.373,0.0,0.0,0.815,0.526,0.0,0.0,0.4,0.7190000000000001,1.0,0.4,0.5
PF,17.354166666666668,6.8,4.1,2.5,8.9,2.3,1.1,0.5,1.8,3.7,105.0,113,0.097,0.02,0.008,0.575,0.16699999999999998,0.4,0.0,0.341,0.679,0.977,0.217,0.35700000000000004
PF,12.411764705882351,5.9,2.9,2.8,8.3,2.6,0.6,0.6,2.1,3.4,95.0,113,0.091,0.036000000000000004,0.009000000000000001,0.5429999999999999,0.2,0.5,0.0,0.25,0.609,1.0,0.25,0.333
PF,29.357142857142854,7.7,5.2,2.1,9.4,2.0,1.6,0.5,1.6,4.0,114.0,112,0.102,0.006999999999999999,0.006999999999999999,0.596,0.14300000000000002,0.0,0.0,0.42,0.727,0.966,0.188,0.385
C,12.096774193548386,15.6,7.9,5.7,12.2,3.9,1.3,0.9,4.0,4.3,110.0,110,0.273,0.058,0.022,0.706,0.447,0.375,0.333,0.227,0.58,1.0,0.136,0.333
SG,27.418181818181814,10.8,3.2,0.5,6.7,3.9,1.1,0.3,2.8,2.5,103.0,112,0.106,0.116,0.184,0.584,0.433,0.425,0.422,0.389,0.474,0.784,0.151,0.467
PF,16.433962264150942,7.7,3.2,1.6,8.4,2.7,2.0,0.5,2.3,5.9,104.0,113,0.165,0.078,0.069,0.5,0.528,0.471,0.333,0.308,0.441,0.917,0.16699999999999998,0.154
SG,30.777777777777782,10.4,3.0,1.2,5.9,4.7,1.4,0.4,3.7,3.6,106.0,114,0.078,0.08199999999999999,0.118,0.675,0.35200000000000004,0.4,0.401,0.394,0.396,0.723,0.172,0.483
PG,21.54237288135593,7.2,3.6,1.8,4.6,6.5,1.7,0.2,2.0,3.0,131.0,106,0.112,0.059,0.061,0.7609999999999999,0.214,0.364,0.435,0.46,0.469,0.642,0.233,0.512
PF,18.440677966101696,4.6,2.3,1.3,5.9,4.5,1.9,0.5,2.2,3.7,106.0,111,0.147,0.032,0.058,0.463,0.415,0.333,0.5,0.368,0.5529999999999999,0.921,0.246,0.452
PF,18.77083333333333,4.5,2.0,1.2,6.2,4.9,1.6,0.4,2.1,3.8,109.0,112,0.133,0.034,0.056,0.5,0.419,0.375,0.5379999999999999,0.381,0.625,0.929,0.252,0.459
PF,17.0,5.5,4.2,1.3,4.2,2.6,3.1,1.3,2.9,3.1,91.0,107,0.222,0.022,0.067,0.28600000000000003,0.4,0.0,0.333,0.292,0.14300000000000002,0.857,0.208,0.4
PG,24.5,10.3,2.6,0.7,4.0,6.8,1.7,0.5,2.6,3.6,104.0,110,0.17800000000000002,0.11,0.105,0.57,0.33,0.32299999999999995,0.407,0.394,0.28800000000000003,0.8390000000000001,0.16699999999999998,0.4320000000000001
SG,34.70491803278689,14.4,4.0,1.7,4.7,8.9,2.2,1.0,4.0,3.2,108.0,112,0.214,0.07,0.036000000000000004,0.628,0.3720000000000001,0.486,0.25,0.353,0.31,0.574,0.147,0.431
SF,25.013698630136986,4.1,1.8,0.9,5.5,2.5,2.3,1.2,1.2,3.6,114.0,107,0.047,0.045,0.066,0.59,0.261,0.364,0.438,0.405,0.77,0.978,0.39,0.403
PF,18.7,13.0,6.1,4.7,7.3,4.5,2.0,1.0,2.5,4.9,114.0,104,0.191,0.061,0.021,0.569,0.302,0.45,0.14300000000000002,0.13,0.645,1.0,0.565,0.0
C,28.22727272727273,13.4,4.6,5.0,9.0,1.6,1.6,2.2,2.0,6.6,131.0,109,0.27,0.13699999999999998,0.023,0.75,0.473,0.638,0.25,0.0,0.7440000000000001,0.0,0.0,0.0
SF,29.476190476190478,7.8,2.1,0.8,4.8,2.5,1.3,0.3,1.5,3.5,121.0,117,0.163,0.18600000000000005,0.122,0.8,0.28600000000000003,0.5,0.5710000000000001,0.493,0.308,0.8859999999999999,0.366,0.5379999999999999
C,30.22388059701493,10.2,1.9,2.5,8.4,6.5,1.2,1.5,1.9,3.4,115.0,109,0.17800000000000002,0.111,0.123,0.746,0.381,0.456,0.414,0.35,0.614,0.98,0.127,0.278
SF,30.365079365079364,4.5,2.2,1.4,5.1,2.1,1.6,0.8,1.3,3.2,114.0,112,0.065,0.024,0.009000000000000001,0.679,0.2,0.308,0.2,0.363,0.733,0.946,0.414,0.354
C,18.92753623188406,9.9,7.8,6.3,12.2,1.6,1.1,2.9,3.1,8.1,125.0,103,0.181,0.0,0.006999999999999999,0.8140000000000001,0.38,0.0,0.5,0.6,0.618,1.0,0.2,0.0
SG,31.42857142857143,7.3,1.7,0.9,5.1,5.6,1.4,0.7,2.3,3.7,107.0,116,0.118,0.121,0.07400000000000001,0.5760000000000001,0.417,0.419,0.333,0.38,0.392,0.85,0.165,0.455
SF,32.03174603174603,8.8,3.3,1.0,5.6,2.6,1.0,0.4,2.4,4.2,100.0,117,0.133,0.085,0.111,0.591,0.297,0.379,0.421,0.355,0.564,0.944,0.336,0.363
SF,18.821428571428573,12.5,7.1,1.6,8.2,2.4,2.5,0.6,2.5,4.3,101.0,108,0.229,0.04,0.006,0.607,0.3,0.28600000000000003,0.0,0.316,0.618,1.0,0.5529999999999999,0.381
C,27.0,15.6,4.0,3.7,10.8,2.5,0.9,1.5,3.5,4.9,108.0,104,0.264,0.11,0.113,0.764,0.4920000000000001,0.459,0.382,0.385,0.799,1.0,0.11,0.25
SF,19.904761904761905,4.8,1.8,2.0,7.1,6.0,1.6,2.5,3.0,4.1,101.0,107,0.068,0.068,0.068,0.7390000000000001,0.333,0.16699999999999998,0.667,0.298,0.667,0.929,0.468,0.318
PF,15.65079365079365,8.2,4.0,2.9,11.1,2.3,1.1,0.8,1.6,4.4,119.0,102,0.163,0.061,0.038,0.649,0.373,0.474,0.583,0.365,0.802,0.98,0.234,0.313
PF,29.680555555555557,4.6,2.1,0.6,5.7,8.5,1.5,0.3,3.2,3.5,115.0,111,0.156,0.056,0.02,0.736,0.384,0.484,0.364,0.399,0.371,0.652,0.21,0.365
PF,33.935483870967744,15.7,8.1,1.1,7.2,5.7,1.3,0.8,4.2,3.9,112.0,112,0.128,0.16699999999999998,0.107,0.654,0.371,0.421,0.4270000000000001,0.391,0.317,0.887,0.26,0.44
PG,32.9,19.7,7.3,1.6,5.8,9.2,1.9,0.7,3.7,3.8,119.0,109,0.173,0.195,0.101,0.6709999999999999,0.444,0.506,0.405,0.394,0.203,0.35700000000000004,0.099,0.5
PF,28.823529411764714,11.8,3.8,2.9,8.6,2.4,2.6,3.9,2.4,4.1,107.0,103,0.099,0.151,0.105,0.667,0.364,0.36,0.4,0.34,0.597,0.938,0.245,0.391
SF,18.326923076923077,7.7,5.0,1.2,5.5,3.1,1.3,0.7,1.3,4.1,113.0,112,0.146,0.116,0.146,0.643,0.353,0.333,0.353,0.341,0.551,0.75,0.329,0.37
PG,13.508474576271189,10.9,4.4,1.3,3.5,3.5,1.0,0.2,2.8,4.5,100.0,116,0.16,0.106,0.066,0.5579999999999999,0.377,0.486,0.318,0.326,0.494,0.894,0.368,0.377
C,28.456140350877188,11.1,5.4,1.6,6.0,2.2,1.2,2.6,2.8,6.7,110.0,110,0.232,0.031,0.012,0.708,0.406,0.391,0.222,0.394,0.644,0.924,0.19,0.4
SF,17.318181818181817,10.7,6.1,1.3,6.7,4.3,2.2,1.1,3.4,4.9,103.0,109,0.208,0.044,0.038,0.78,0.333,0.14300000000000002,0.5,0.319,0.511,0.957,0.319,0.348
PF,16.076923076923073,8.2,2.3,1.2,5.9,2.4,0.7,0.5,0.6,3.2,108.0,115,0.196,0.111,0.015,0.5589999999999999,0.507,0.342,0.4,0.294,0.816,0.938,0.233,0.289
SG,23.967741935483872,11.8,3.5,1.1,4.9,8.2,0.8,0.3,3.3,3.8,108.0,114,0.227,0.101,0.052000000000000005,0.561,0.378,0.333,0.353,0.393,0.156,0.667,0.193,0.464
PG,27.214285714285715,15.0,4.3,1.4,3.9,9.3,1.0,0.1,3.0,2.7,106.0,117,0.237,0.126,0.061,0.531,0.362,0.32,0.25,0.378,0.111,0.5479999999999999,0.122,0.4
SG,21.294117647058822,8.5,2.7,0.8,5.9,7.1,0.7,0.5,3.7,5.0,111.0,111,0.211,0.063,0.039,0.6,0.407,0.375,0.6,0.413,0.219,0.8079999999999999,0.28600000000000003,0.5
PG,34.56716417910448,18.0,7.8,1.4,9.4,14.0,1.6,0.7,5.4,2.4,116.0,106,0.139,0.073,0.097,0.727,0.409,0.337,0.341,0.348,0.234,0.473,0.061,0.5
SG,10.846153846153848,7.6,2.1,1.0,5.2,2.4,1.4,0.3,0.7,6.5,121.0,114,0.225,0.025,0.05,0.9,0.556,1.0,0.0,0.278,0.8,1.0,0.444,0.25
SG,10.580645161290322,9.1,2.3,1.0,5.6,6.4,2.2,0.4,2.6,4.2,92.0,111,0.23,0.15,0.044,0.5329999999999999,0.308,0.353,0.4,0.28,0.25,0.857,0.22,0.273
PF,22.017543859649123,5.0,2.2,1.8,5.2,2.6,1.4,0.8,1.2,3.3,117.0,113,0.044,0.054000000000000006,0.042,0.711,0.16699999999999998,0.364,0.294,0.39,0.743,0.991,0.397,0.417
PF,19.34375,9.5,3.7,1.9,7.1,5.7,1.9,2.5,3.7,6.1,107.0,108,0.153,0.042,0.009000000000000001,0.713,0.303,0.222,0.5,0.363,0.457,0.879,0.17600000000000002,0.313
PF,15.611111111111109,7.3,2.4,1.4,7.6,3.6,1.0,2.3,2.6,5.9,103.0,109,0.161,0.011,0.0,0.741,0.14300000000000002,1.0,0.0,0.35600000000000004,0.609,0.938,0.244,0.364
C,24.142857142857146,11.3,4.7,2.3,6.7,7.3,2.6,2.6,4.5,6.3,109.0,108,0.14800000000000002,0.063,0.016,0.698,0.421,0.125,0.5,0.37,0.383,0.8240000000000001,0.109,0.2
SF,17.705882352941178,10.6,7.0,1.6,7.5,2.4,2.2,0.3,2.1,4.4,131.0,113,0.191,0.079,0.056,0.711,0.471,0.28600000000000003,0.6,0.591,0.625,1.0,0.682,0.5329999999999999
PG,18.179487179487182,8.8,3.3,1.2,3.9,4.9,1.1,0.6,1.9,3.9,105.0,114,0.112,0.092,0.17600000000000002,0.556,0.28600000000000003,0.478,0.455,0.319,0.627,0.947,0.151,0.389
PG,16.612903225806452,8.1,2.9,0.9,3.9,4.6,1.1,0.7,2.2,4.0,98.0,114,0.105,0.105,0.14,0.5710000000000001,0.389,0.5,0.375,0.289,0.61,0.917,0.181,0.467
C,32.0,17.3,6.4,3.5,11.5,10.8,1.8,0.9,4.8,4.7,119.0,108,0.275,0.14300000000000002,0.107,0.7240000000000001,0.599,0.49,0.435,0.314,0.511,0.85,0.039,0.5
C,16.12727272727273,8.9,4.4,3.9,6.9,1.8,1.4,2.1,1.5,7.8,138.0,113,0.107,0.006,0.022,0.759,0.421,0.0,0.25,0.222,0.8240000000000001,1.0,0.778,0.28600000000000003
SF,23.305084745762716,7.7,4.4,2.3,5.9,2.2,2.1,1.3,1.1,4.6,126.0,109,0.112,0.011,0.009000000000000001,0.737,0.487,0.25,0.333,0.28,0.7759999999999999,0.973,0.5379999999999999,0.225
PG,18.953846153846158,11.6,2.2,0.3,3.6,10.8,2.2,0.2,2.1,1.7,116.0,112,0.242,0.198,0.096,0.653,0.423,0.435,0.488,0.379,0.387,0.745,0.177,0.5
C,22.035714285714285,11.0,4.7,5.4,16.1,4.0,0.7,2.0,2.8,4.4,129.0,104,0.15,0.006999999999999999,0.006999999999999999,0.7290000000000001,0.349,0.0,0.5,0.0,0.743,0.0,0.0,0.0
PG,24.430555555555557,7.0,1.9,1.2,4.0,6.9,1.5,0.6,2.2,3.7,110.0,114,0.201,0.131,0.124,0.677,0.41,0.315,0.392,0.35200000000000004,0.217,0.893,0.245,0.436
C,19.923076923076927,11.2,5.5,2.1,8.6,4.6,0.9,0.6,2.3,4.6,110.0,112,0.195,0.065,0.042,0.6,0.55,0.35,0.231,0.331,0.68,1.0,0.056,0.429
C,16.948275862068964,16.7,4.9,8.0,13.2,2.7,1.1,2.0,2.7,4.9,123.0,104,0.27,0.017,0.032,0.639,0.479,0.16699999999999998,0.455,0.14300000000000002,0.47,1.0,0.14300000000000002,0.0
SG,32.92857142857143,8.5,4.0,0.5,4.7,6.1,0.6,0.3,2.3,3.5,117.0,117,0.117,0.111,0.111,0.721,0.425,0.342,0.447,0.399,0.474,0.8079999999999999,0.18600000000000005,0.353
PF,11.24,8.1,2.5,2.5,9.3,2.5,0.4,1.1,2.8,6.5,85.0,113,0.333,0.045,0.106,0.5,0.364,0.333,0.14300000000000002,0.25,0.706,1.0,0.3,0.333
PF,13.333333333333336,11.3,2.8,2.8,8.1,3.1,0.0,0.9,2.2,5.6,91.0,115,0.302,0.057,0.094,0.5,0.375,0.333,0.0,0.294,0.615,1.0,0.294,0.4
PF,25.540540540540537,5.0,2.4,2.9,7.1,2.3,0.6,2.1,1.5,4.5,122.0,112,0.066,0.027000000000000003,0.01,0.669,0.471,0.35700000000000004,0.4,0.373,0.831,1.0,0.379,0.38
SG,18.48,3.8,3.6,0.4,3.9,7.3,1.1,0.3,4.0,4.2,98.0,117,0.066,0.078,0.006,0.364,0.273,0.5379999999999999,0.0,0.344,0.14300000000000002,0.5329999999999999,0.107,0.35700000000000004
SG,15.0625,4.4,2.6,0.6,3.4,6.3,1.0,0.4,3.2,4.0,89.0,119,0.07,0.105,0.012,0.5,0.16699999999999998,0.556,0.0,0.297,0.111,0.579,0.156,0.3
SF,17.93846153846154,8.4,4.2,1.2,6.5,2.5,1.0,1.2,1.9,4.4,97.0,114,0.125,0.08199999999999999,0.102,0.564,0.26,0.333,0.268,0.327,0.506,0.923,0.241,0.271
SG,21.652777777777782,6.4,3.2,0.6,4.7,2.5,1.3,0.5,1.8,3.0,111.0,112,0.123,0.078,0.057,0.677,0.377,0.4320000000000001,0.375,0.402,0.727,0.972,0.213,0.487
C,15.527777777777779,6.8,2.4,1.9,5.3,2.8,0.9,2.2,1.2,4.7,112.0,111,0.102,0.021,0.011,0.741,0.474,0.5,0.0,0.287,0.863,1.0,0.213,0.174
SF,16.551724137931036,2.7,2.0,0.7,5.1,3.2,1.2,0.6,2.3,3.7,113.0,106,0.017,0.031,0.106,0.455,0.2,0.556,0.516,0.418,0.778,0.97,0.236,0.429
PF,14.553191489361698,6.0,2.6,1.7,7.7,3.5,1.7,0.3,3.2,6.2,101.0,109,0.124,0.011,0.006,0.645,0.273,0.0,0.0,0.3670000000000001,0.804,0.97,0.17800000000000002,0.438
PF,25.01639344262295,12.3,4.8,1.6,6.9,2.5,0.9,0.8,2.8,3.9,103.0,109,0.226,0.078,0.096,0.7829999999999999,0.411,0.385,0.344,0.316,0.605,0.93,0.232,0.54
C,17.181818181818183,11.3,2.8,5.5,8.7,3.5,0.6,2.6,2.5,7.5,121.0,113,0.279,0.177,0.08199999999999999,0.6729999999999999,0.463,0.615,0.5,0.231,0.731,1.0,0.154,0.0
SG,28.06521739130435,12.1,4.1,0.9,6.6,3.6,2.1,0.8,1.9,3.9,108.0,107,0.146,0.146,0.184,0.624,0.457,0.5429999999999999,0.398,0.335,0.368,0.755,0.165,0.34600000000000003
SG,11.5625,6.9,3.3,2.0,3.4,1.7,1.0,1.0,1.4,4.3,95.0,111,0.275,0.038,0.013,0.556,0.273,0.667,0.0,0.185,0.478,1.0,0.444,0.25
SG,34.75,16.5,7.7,0.9,5.7,5.9,2.0,0.6,4.8,3.0,106.0,110,0.083,0.048,0.093,0.623,0.182,0.228,0.405,0.38,0.406,0.5489999999999999,0.16699999999999998,0.481
SF,21.956521739130434,9.8,2.9,1.6,3.7,1.4,1.6,0.9,2.2,4.3,102.0,114,0.14,0.039,0.067,0.635,0.28,0.5710000000000001,0.5,0.333,0.789,0.917,0.208,0.333
SG,14.375,4.9,1.0,1.0,3.5,1.7,2.5,0.8,1.5,4.6,116.0,111,0.134,0.024,0.098,0.7140000000000001,0.545,0.0,0.375,0.447,0.421,0.857,0.383,0.444
SG,29.04081632653061,9.1,4.2,1.1,7.0,4.5,1.7,0.2,2.3,3.9,108.0,114,0.151,0.139,0.098,0.662,0.403,0.465,0.3,0.35600000000000004,0.7659999999999999,0.953,0.218,0.385
C,17.636363636363637,12.6,5.1,4.8,10.7,2.4,1.1,2.3,2.7,6.2,116.0,111,0.197,0.056,0.006,0.695,0.4920000000000001,0.333,0.5,0.271,0.727,1.0,0.458,0.37
C,18.625,12.8,5.1,4.3,10.1,2.6,1.3,2.1,2.4,5.8,115.0,112,0.185,0.054000000000000006,0.008,0.693,0.521,0.35700000000000004,0.5,0.25,0.7340000000000001,1.0,0.464,0.34600000000000003
C,15.0,12.1,5.2,6.7,12.9,1.7,0.6,3.2,3.5,7.3,119.0,108,0.254,0.068,0.0,0.703,0.4,0.25,0.0,0.667,0.6970000000000001,1.0,0.333,1.0
SF,32.421052631578945,20.7,10.3,1.4,8.9,7.2,2.6,0.8,3.8,2.9,117.0,104,0.174,0.226,0.147,0.698,0.452,0.445,0.446,0.378,0.284,0.626,0.052000000000000005,0.412
C,20.274509803921568,5.0,1.3,1.4,10.9,2.6,0.7,0.7,1.8,5.1,114.0,110,0.141,0.06,0.017,0.818,0.515,0.14300000000000002,0.5,0.414,0.833,0.943,0.14800000000000002,0.368
SG,29.555555555555557,18.2,7.0,1.7,5.0,7.1,1.9,0.4,4.2,2.9,102.0,110,0.253,0.16,0.048,0.606,0.341,0.4270000000000001,0.343,0.364,0.247,0.463,0.086,0.368
PG,37.48484848484848,13.0,10.0,0.6,4.8,10.2,1.3,0.4,3.7,2.2,126.0,117,0.079,0.062,0.064,0.618,0.311,0.405,0.471,0.401,0.099,0.289,0.036000000000000004,0.417
PF,11.9375,7.7,3.7,2.6,6.4,1.8,1.1,1.2,1.2,6.0,108.0,116,0.166,0.033,0.013,0.667,0.4,0.2,0.0,0.237,0.6859999999999999,1.0,0.407,0.16699999999999998
C,13.1,11.9,2.2,5.1,6.9,3.7,2.2,1.1,2.2,6.2,94.0,112,0.253,0.063,0.127,0.7,0.2,0.4,0.1,0.071,0.5,1.0,0.429,0.16699999999999998
C,26.720588235294123,8.7,3.8,1.5,6.4,2.5,1.2,4.1,1.8,4.1,109.0,100,0.183,0.091,0.015,0.6970000000000001,0.423,0.459,0.4,0.314,0.6679999999999999,0.99,0.215,0.329
C,14.515151515151516,9.2,2.5,2.7,5.0,2.1,0.5,2.1,3.0,4.6,101.0,105,0.35100000000000003,0.037000000000000005,0.006999999999999999,0.684,0.486,0.636,1.0,0.333,0.58,1.0,0.524,0.364
PF,31.785714285714285,9.2,6.0,1.5,13.5,4.9,0.9,0.5,3.8,2.5,112.0,113,0.116,0.111,0.103,0.66,0.393,0.605,0.467,0.374,0.586,0.932,0.141,0.455
PG,36.17241379310345,7.6,7.8,0.7,5.9,9.8,1.9,0.6,4.0,4.3,116.0,106,0.093,0.044,0.07,0.643,0.34700000000000003,0.4,0.35700000000000004,0.35200000000000004,0.235,0.5429999999999999,0.08800000000000001,0.317
SF,18.148936170212764,6.0,4.5,1.6,5.4,1.6,1.0,0.4,2.1,5.9,114.0,112,0.08199999999999999,0.022,0.022,0.5870000000000001,0.273,0.333,0.5,0.388,0.6,1.0,0.406,0.446
PF,20.17460317460317,6.6,1.7,2.7,10.9,2.6,1.1,1.1,1.5,3.7,113.0,113,0.108,0.07,0.067,0.637,0.27,0.542,0.304,0.387,0.75,1.0,0.274,0.457
C,21.263157894736842,10.6,6.5,4.5,8.1,2.8,1.8,2.5,2.6,6.6,110.0,112,0.35200000000000004,0.029,0.014,0.6829999999999999,0.35100000000000003,0.333,0.667,0.192,0.677,1.0,0.154,0.25
C,12.933333333333335,8.2,7.0,3.4,7.2,2.7,1.6,2.5,2.9,6.5,111.0,110,0.223,0.057,0.057,0.7340000000000001,0.349,0.455,0.364,0.344,0.7609999999999999,0.955,0.469,0.333
PF,29.84,8.8,4.9,1.9,8.2,2.4,1.4,0.7,2.6,3.1,108.0,110,0.149,0.027000000000000003,0.014,0.648,0.341,0.313,0.25,0.344,0.535,0.991,0.142,0.422
SF,17.61111111111111,7.4,3.3,1.6,4.4,3.6,1.9,1.1,2.4,5.1,113.0,113,0.06,0.0,0.107,0.424,0.2,0.0,0.222,0.541,0.588,1.0,0.189,0.5710000000000001
SF,18.8125,7.2,3.6,2.1,6.7,5.3,2.2,0.5,2.4,4.3,104.0,112,0.101,0.019,0.068,0.6809999999999999,0.238,0.0,0.28600000000000003,0.234,0.535,0.944,0.364,0.214
SF,15.967741935483868,8.0,2.9,1.1,7.9,2.2,0.7,0.8,1.9,4.8,100.0,114,0.16,0.08800000000000001,0.039,0.727,0.414,0.625,0.0,0.26,0.696,0.84,0.396,0.316
SG,12.611111111111109,2.1,7.0,1.2,3.7,2.1,1.6,0.2,1.6,6.6,133.0,118,0.054000000000000006,0.054000000000000006,0.054000000000000006,1.0,0.333,0.333,0.667,0.413,0.6,0.947,0.239,0.455
SG,24.402985074626866,3.5,1.9,0.6,4.0,2.6,1.1,0.3,1.2,2.9,109.0,107,0.081,0.052000000000000005,0.033,0.691,0.235,0.409,0.28600000000000003,0.364,0.61,0.935,0.276,0.415
SF,24.540540540540537,4.8,0.9,1.0,3.5,4.1,2.0,0.2,1.5,3.1,105.0,108,0.142,0.062,0.043,0.5489999999999999,0.348,0.4,0.5710000000000001,0.324,0.568,1.0,0.479,0.324
SG,36.51428571428571,15.7,3.4,0.9,4.7,5.8,1.0,0.8,2.4,3.4,111.0,118,0.161,0.15,0.139,0.597,0.381,0.49,0.503,0.379,0.223,0.665,0.146,0.547
PG,18.676056338028168,14.4,1.5,1.4,5.5,13.0,2.0,0.4,3.7,2.7,112.0,109,0.243,0.282,0.107,0.604,0.57,0.483,0.295,0.294,0.232,1.0,0.353,0.16699999999999998
SF,18.3125,7.9,2.9,2.6,8.5,2.2,1.4,0.5,1.9,6.2,112.0,113,0.214,0.071,0.014,0.6,0.4,0.4,1.0,0.375,0.5,1.0,0.583,0.429
PF,19.88405797101449,8.9,2.1,0.9,5.2,2.8,0.4,0.2,1.5,4.1,117.0,113,0.086,0.038,0.08,0.6809999999999999,0.511,0.28600000000000003,0.295,0.435,0.856,1.0,0.241,0.4370000000000001
C,16.61764705882353,12.6,3.5,5.3,11.2,1.6,1.5,4.0,2.3,6.7,124.0,101,0.239,0.049,0.006999999999999999,0.743,0.384,0.467,0.5,0.5,0.7190000000000001,0.667,0.0,0.0
SG,15.553571428571427,5.0,1.8,1.6,6.6,2.0,1.4,0.4,1.3,4.0,100.0,109,0.232,0.066,0.006,0.6759999999999999,0.429,0.417,0.0,0.27,0.7290000000000001,1.0,0.472,0.214
SF,14.825,8.7,2.5,3.0,6.2,1.1,1.9,0.7,2.1,5.9,99.0,115,0.181,0.041,0.035,0.6940000000000001,0.387,0.5710000000000001,0.0,0.215,0.6779999999999999,1.0,0.446,0.276
PG,19.666666666666668,8.0,3.1,0.6,3.3,9.8,2.7,0.3,2.4,2.4,121.0,113,0.185,0.017,0.006,0.6459999999999999,0.394,1.0,0.0,0.382,0.328,0.759,0.118,0.444
SF,22.80281690140845,2.7,1.9,0.6,3.9,1.7,1.3,0.5,1.4,4.4,118.0,113,0.031,0.004,0.0,0.743,0.235,1.0,0.0,0.4,0.8690000000000001,0.967,0.294,0.466
SG,21.18918918918919,14.4,6.6,1.1,6.4,5.6,1.3,1.0,2.6,4.4,105.0,116,0.16899999999999998,0.14800000000000002,0.145,0.62,0.355,0.333,0.377,0.35700000000000004,0.394,0.6890000000000001,0.183,0.478
SG,22.551724137931036,15.1,5.9,1.2,6.2,5.9,1.4,1.1,2.7,4.4,106.0,116,0.17,0.14800000000000002,0.161,0.6779999999999999,0.35200000000000004,0.319,0.373,0.377,0.409,0.7,0.17,0.5
C,17.366666666666667,5.2,3.2,1.7,6.3,3.6,1.5,1.0,2.0,5.5,111.0,112,0.099,0.065,0.046,0.755,0.406,0.476,0.467,0.335,0.612,1.0,0.233,0.313
PG,19.45,10.4,4.8,1.7,7.1,7.0,3.1,0.8,3.4,4.4,102.0,107,0.177,0.077,0.122,0.627,0.394,0.32299999999999995,0.28600000000000003,0.28600000000000003,0.529,0.875,0.16399999999999998,0.391
SF,29.887096774193548,14.6,5.6,1.1,8.3,6.5,1.3,0.2,3.4,3.5,118.0,104,0.129,0.199,0.172,0.7,0.451,0.505,0.552,0.415,0.377,0.701,0.15,0.472
PG,22.5,6.3,3.6,0.7,2.8,3.8,1.7,0.2,1.7,3.4,115.0,116,0.042,0.04,0.127,0.6859999999999999,0.52,0.375,0.447,0.382,0.51,0.779,0.208,0.452
PF,24.31372549019608,12.5,5.6,3.9,7.8,3.3,1.8,1.2,2.8,6.0,116.0,110,0.247,0.098,0.032,0.6709999999999999,0.315,0.419,0.35700000000000004,0.435,0.631,1.0,0.274,0.441
SG,20.125,8.6,3.9,0.9,4.4,6.3,1.2,0.4,2.8,5.5,118.0,112,0.155,0.108,0.029,0.672,0.442,0.433,0.375,0.43,0.382,0.879,0.207,0.429
SG,34.26086956521739,17.9,6.6,1.1,5.2,6.1,1.4,0.3,3.8,3.5,110.0,111,0.229,0.134,0.115,0.626,0.414,0.489,0.465,0.366,0.217,0.595,0.127,0.4
SF,10.181818181818182,5.6,1.7,3.0,1.3,1.7,1.7,0.0,0.9,7.3,115.0,114,0.0,0.0,0.036000000000000004,0.5,0.0,0.0,0.0,0.4,0.667,1.0,0.5329999999999999,0.375
SG,21.254545454545454,12.2,4.3,1.2,5.6,4.9,1.1,0.7,3.3,3.2,102.0,115,0.203,0.061,0.031,0.6709999999999999,0.424,0.4,0.4,0.284,0.526,0.862,0.162,0.273
SG,18.214285714285715,12.2,2.0,1.4,4.5,3.5,1.5,0.5,1.8,3.6,104.0,114,0.243,0.13,0.078,0.685,0.443,0.263,0.324,0.377,0.455,0.952,0.329,0.382
PG,30.95522388059701,17.1,6.9,1.1,4.7,11.0,1.3,0.4,5.0,2.5,109.0,113,0.248,0.126,0.039,0.606,0.409,0.466,0.324,0.335,0.282,0.55,0.101,0.5
SF,31.225806451612907,11.5,5.5,1.5,6.3,2.1,1.2,0.7,2.4,4.5,111.0,113,0.128,0.172,0.181,0.583,0.35600000000000004,0.504,0.435,0.408,0.366,0.789,0.221,0.442
SF,32.25581395348837,13.1,7.0,1.7,6.5,2.1,1.2,0.6,2.6,4.5,113.0,115,0.138,0.168,0.189,0.561,0.341,0.486,0.425,0.439,0.29100000000000004,0.767,0.189,0.5
PF,28.894736842105264,7.7,1.9,0.9,5.8,2.3,1.1,1.1,2.1,4.5,101.0,109,0.092,0.184,0.155,0.667,0.438,0.563,0.481,0.31,0.625,0.885,0.321,0.333
PF,20.46551724137931,9.5,3.5,1.6,7.3,3.2,1.3,0.7,3.1,5.5,105.0,112,0.151,0.127,0.031,0.674,0.42,0.328,0.5,0.386,0.635,0.977,0.298,0.382
PF,22.454545454545453,10.0,3.9,1.2,7.4,3.4,1.3,0.5,3.5,5.2,104.0,113,0.157,0.129,0.033,0.6709999999999999,0.443,0.32,0.462,0.397,0.63,1.0,0.28600000000000003,0.426
PF,14.214285714285715,7.2,1.4,3.8,6.9,1.9,1.2,1.4,1.4,6.9,110.0,107,0.116,0.116,0.014,0.6920000000000001,0.25,0.375,1.0,0.333,0.667,0.846,0.359,0.214
PG,22.410958904109588,11.9,2.7,0.7,3.4,7.7,1.7,0.5,1.6,2.2,118.0,114,0.187,0.171,0.145,0.716,0.33,0.381,0.5489999999999999,0.378,0.369,0.862,0.366,0.429
PG,15.74074074074074,13.7,4.8,1.0,6.2,6.6,1.4,0.6,4.4,4.1,103.0,111,0.18,0.223,0.064,0.586,0.441,0.466,0.476,0.345,0.273,0.7,0.276,0.292
PG,25.560606060606066,14.9,3.2,2.0,8.9,7.7,3.1,0.5,3.5,4.1,105.0,110,0.171,0.199,0.171,0.591,0.33,0.496,0.431,0.369,0.281,0.976,0.369,0.39
PG,32.271186440677965,14.8,4.8,1.2,5.0,7.4,1.7,0.4,3.3,2.6,112.0,113,0.135,0.139,0.17600000000000002,0.667,0.43,0.468,0.471,0.34600000000000003,0.47,0.67,0.093,0.4
SF,12.175,9.1,5.8,2.0,6.3,4.2,1.5,0.1,3.5,2.9,96.0,111,0.145,0.041,0.0,0.5479999999999999,0.32,0.429,0.0,0.244,0.556,0.895,0.141,0.273
C,12.170212765957446,3.9,1.9,1.4,7.8,3.4,0.8,1.0,1.4,4.9,114.0,110,0.021,0.069,0.016,0.654,0.25,0.154,1.0,0.378,0.7829999999999999,1.0,0.168,0.375
SF,22.589285714285715,4.7,2.7,0.7,3.4,4.1,1.6,0.2,2.4,3.4,110.0,116,0.094,0.017,0.012,0.5710000000000001,0.184,0.28600000000000003,0.4,0.404,0.529,0.939,0.218,0.419
SF,15.763636363636365,7.6,3.7,0.8,4.8,2.1,1.3,1.1,2.4,4.4,107.0,111,0.179,0.049,0.03,0.716,0.404,0.462,0.25,0.375,0.653,0.979,0.328,0.429
PF,26.285714285714285,9.0,2.4,3.5,10.0,4.1,1.9,0.7,2.0,3.0,122.0,113,0.109,0.07400000000000001,0.053,0.753,0.447,0.375,0.522,0.35200000000000004,0.613,0.982,0.27,0.419
PG,24.0,7.5,5.3,0.9,4.6,9.1,2.4,0.4,4.4,3.5,106.0,114,0.077,0.094,0.083,0.69,0.257,0.349,0.5,0.317,0.205,0.539,0.108,0.154
PG,23.777777777777782,6.7,4.8,0.9,5.0,10.1,2.2,0.4,4.1,3.4,108.0,113,0.071,0.085,0.049,0.667,0.3,0.333,0.643,0.29600000000000004,0.194,0.511,0.113,0.222
PG,24.4,8.8,6.2,0.9,3.7,7.2,2.8,0.4,5.0,3.7,104.0,115,0.087,0.11,0.139,0.735,0.2,0.368,0.417,0.358,0.222,0.586,0.099,0.0
PG,12.370370370370368,9.7,3.4,0.8,3.6,6.9,1.7,0.4,3.4,3.6,109.0,111,0.158,0.099,0.041,0.647,0.343,0.273,0.556,0.386,0.284,0.8240000000000001,0.125,0.545
PF,13.984848484848484,5.1,1.3,0.8,5.9,2.3,0.9,0.3,1.6,4.0,113.0,112,0.134,0.05,0.012,0.765,0.442,0.375,0.0,0.4,0.412,0.989,0.369,0.458
C,18.475409836065573,11.5,4.6,3.9,9.0,2.5,2.5,3.9,2.8,7.2,127.0,102,0.18600000000000005,0.134,0.056,0.861,0.54,0.278,0.267,0.333,0.831,1.0,0.333,1.0
SG,10.066666666666666,8.3,5.2,0.9,3.1,5.8,0.9,0.3,0.9,3.4,109.0,117,0.17,0.038,0.019,0.6,0.556,0.5,1.0,0.115,0.563,0.667,0.308,0.125
PG,20.82456140350877,8.0,2.4,0.9,4.0,7.1,2.2,0.7,2.9,5.8,103.0,113,0.078,0.117,0.192,0.5670000000000001,0.34600000000000003,0.282,0.453,0.321,0.264,0.795,0.182,0.48
PG,29.28358208955224,13.0,2.5,0.5,4.0,5.5,1.4,0.4,2.8,3.8,103.0,112,0.141,0.109,0.12,0.636,0.38,0.48,0.455,0.35,0.371,0.752,0.228,0.337
SF,13.4,7.6,4.8,1.4,6.5,1.4,1.9,2.1,1.4,5.7,120.0,107,0.183,0.014,0.0,0.655,0.462,0.0,0.0,0.429,0.64,1.0,0.464,0.462
SF,28.859154929577464,2.9,1.3,0.6,8.6,4.3,1.4,0.8,1.4,4.8,117.0,109,0.101,0.008,0.019,0.635,0.4320000000000001,0.0,0.429,0.377,0.848,1.0,0.32,0.436
C,10.79310344827586,9.0,3.1,5.3,12.7,7.9,1.1,3.7,3.1,5.7,117.0,104,0.071,0.118,0.118,0.6559999999999999,0.667,0.4,0.6,0.259,0.6859999999999999,0.857,0.14800000000000002,0.0
PF,14.652173913043477,3.3,1.5,1.2,5.7,1.8,1.0,0.2,0.9,3.8,116.0,111,0.14300000000000002,0.02,0.051,0.556,0.393,0.0,0.6,0.378,0.625,0.958,0.409,0.462
C,15.566666666666665,15.8,6.1,4.8,7.8,3.7,0.7,2.2,3.8,6.6,117.0,112,0.34600000000000003,0.037000000000000005,0.006,0.779,0.411,0.333,0.0,0.333,0.55,1.0,0.333,0.0
PG,13.072727272727272,7.2,4.7,1.1,4.9,7.6,1.6,0.3,2.5,3.6,109.0,113,0.127,0.133,0.033,0.579,0.261,0.292,0.16699999999999998,0.35200000000000004,0.468,0.8,0.183,0.385
SG,24.951612903225808,7.3,5.7,2.6,5.4,3.0,2.0,0.8,2.6,4.2,108.0,113,0.17600000000000002,0.03,0.003,0.64,0.329,0.25,0.0,0.266,0.55,0.927,0.299,0.348
SG,27.78947368421053,13.0,5.4,0.8,6.1,5.1,1.6,0.4,4.3,3.3,94.0,110,0.073,0.13,0.134,0.441,0.556,0.438,0.424,0.317,0.422,0.455,0.096,0.2
C,19.402985074626862,6.2,3.8,1.7,9.8,4.4,1.7,0.9,2.7,6.5,116.0,108,0.098,0.055,0.038,0.693,0.359,0.455,0.267,0.406,0.6970000000000001,0.947,0.197,0.391
SF,29.384615384615387,7.3,2.4,1.0,4.9,3.9,1.4,0.4,2.3,4.1,107.0,117,0.125,0.057,0.021,0.604,0.355,0.371,0.308,0.383,0.545,0.894,0.221,0.38
SF,34.517857142857146,12.7,6.0,1.6,7.2,2.1,1.7,1.0,2.0,4.7,109.0,110,0.166,0.08199999999999999,0.046,0.5870000000000001,0.387,0.426,0.5529999999999999,0.35200000000000004,0.574,0.954,0.28300000000000003,0.333
PF,24.13157894736842,15.8,4.1,3.1,7.8,3.5,2.3,0.8,3.3,5.0,108.0,112,0.175,0.058,0.051,0.7290000000000001,0.467,0.36,0.273,0.269,0.594,0.969,0.319,0.316
PF,26.15625,15.5,4.0,3.0,7.6,3.2,2.3,0.8,3.3,5.2,106.0,113,0.17600000000000002,0.056,0.041,0.7190000000000001,0.464,0.364,0.25,0.27,0.593,0.968,0.322,0.324
PF,27.566666666666666,14.8,6.1,2.4,5.6,3.7,0.9,0.4,2.7,3.6,110.0,117,0.22,0.1,0.14800000000000002,0.725,0.411,0.422,0.453,0.287,0.569,0.973,0.256,0.303
C,16.185185185185187,12.1,6.2,4.5,7.0,1.9,1.0,1.3,2.6,8.0,109.0,116,0.353,0.103,0.043,0.745,0.415,0.16699999999999998,0.2,0.0,0.639,0.0,0.0,0.0
PF,13.152542372881355,3.7,2.6,2.1,7.1,2.5,0.4,0.2,1.3,3.3,119.0,111,0.064,0.039,0.034,0.552,0.467,0.333,0.25,0.39,0.7859999999999999,1.0,0.413,0.423
PG,31.542857142857148,12.8,6.1,0.6,7.1,10.4,2.4,0.2,3.5,3.5,120.0,108,0.122,0.303,0.163,0.852,0.509,0.517,0.531,0.365,0.124,0.324,0.102,0.355
PG,27.68888888888889,14.5,3.4,2.0,6.3,12.6,2.7,0.7,3.8,3.5,105.0,111,0.268,0.105,0.064,0.575,0.407,0.348,0.429,0.203,0.212,0.857,0.159,0.273
SF,14.89655172413793,7.6,0.9,2.8,5.8,5.2,3.6,0.8,2.2,5.8,103.0,111,0.129,0.034,0.009000000000000001,0.64,0.067,0.25,1.0,0.28300000000000003,0.629,1.0,0.391,0.278
SG,11.06060606060606,9.7,2.1,1.3,5.7,7.3,2.2,0.5,4.3,4.5,80.0,109,0.09,0.032,0.013,0.481,0.14300000000000002,0.0,1.0,0.188,0.16699999999999998,0.667,0.05,0.0
C,17.327868852459016,13.2,7.2,4.6,10.2,7.2,1.5,1.8,3.8,6.7,118.0,108,0.229,0.059,0.017,0.779,0.333,0.17600000000000002,0.0,0.0,0.723,0.0,0.4,0.0
C,17.742424242424242,10.9,3.5,5.3,10.0,4.7,1.5,3.9,2.2,5.1,125.0,108,0.267,0.075,0.0,0.674,0.507,0.6,0.0,0.0,0.753,0.0,0.0,0.0
SG,22.350877192982455,8.9,4.5,0.3,4.1,5.0,1.3,0.4,2.8,3.5,91.0,117,0.094,0.086,0.163,0.523,0.426,0.349,0.293,0.279,0.462,0.851,0.113,0.3670000000000001
SF,23.24,11.0,4.2,0.9,5.9,4.6,1.9,0.6,3.9,5.7,99.0,115,0.121,0.105,0.105,0.718,0.353,0.295,0.295,0.335,0.444,0.755,0.196,0.419
SF,16.418181818181818,12.9,3.9,3.6,10.6,2.5,1.5,1.4,2.7,5.5,118.0,109,0.115,0.057,0.107,0.721,0.318,0.318,0.463,0.422,0.632,0.8390000000000001,0.259,0.421
SF,23.642857142857146,11.4,3.9,1.9,5.1,3.6,2.2,0.9,1.6,4.5,112.0,110,0.193,0.086,0.114,0.391,0.7040000000000001,0.333,0.375,0.387,0.342,0.917,0.226,0.429
PF,21.10606060606061,14.1,3.3,2.8,9.0,3.4,1.1,0.6,2.6,3.8,107.0,113,0.211,0.114,0.146,0.616,0.484,0.388,0.407,0.358,0.5660000000000001,0.985,0.193,0.417
C,31.824561403508767,14.1,7.5,2.7,11.7,2.7,1.1,3.1,2.5,4.9,111.0,107,0.124,0.18,0.07200000000000001,0.725,0.302,0.387,0.403,0.35200000000000004,0.727,0.972,0.04,0.375
C,26.525,8.7,5.1,3.4,6.9,2.7,1.5,1.0,1.6,4.6,134.0,111,0.135,0.013,0.004,0.813,0.32299999999999995,0.0,0.0,0.256,0.809,1.0,0.308,0.333
SG,28.44230769230769,10.5,4.9,0.8,5.3,2.9,1.9,0.7,2.5,3.5,115.0,106,0.13699999999999998,0.032,0.043,0.662,0.451,0.368,0.462,0.399,0.6679999999999999,0.954,0.311,0.435
PF,29.015625,7.8,2.3,1.3,8.4,3.0,1.5,0.6,3.2,4.1,94.0,109,0.112,0.07400000000000001,0.042,0.54,0.313,0.345,0.387,0.339,0.5760000000000001,0.877,0.309,0.331
PF,32.5,18.1,8.2,3.5,11.0,4.6,1.2,0.5,4.5,4.2,105.0,112,0.235,0.097,0.081,0.631,0.424,0.439,0.358,0.277,0.404,0.938,0.16899999999999998,0.385
SF,26.74137931034483,9.1,3.8,1.1,5.4,2.6,1.9,0.8,2.9,4.0,95.0,115,0.134,0.085,0.103,0.54,0.365,0.319,0.35100000000000003,0.332,0.508,0.867,0.284,0.338
SG,26.35,6.8,5.4,0.3,4.1,3.5,0.6,0.3,2.2,2.8,122.0,116,0.055,0.06,0.189,0.595,0.343,0.368,0.462,0.453,0.8109999999999999,0.933,0.139,0.527
C,16.5,13.7,5.0,3.2,8.4,3.3,1.8,2.1,2.1,7.8,105.0,110,0.198,0.025,0.0,0.598,0.25,0.16699999999999998,0.0,0.33,0.603,0.938,0.155,0.467
SG,30.78181818181818,11.4,4.0,1.2,3.8,4.6,1.5,1.0,3.0,3.9,104.0,111,0.142,0.14400000000000002,0.163,0.636,0.38,0.344,0.552,0.341,0.43,0.812,0.12,0.3670000000000001
SG,23.44117647058824,6.7,3.2,0.8,4.3,3.3,1.4,0.3,1.5,3.7,110.0,113,0.158,0.024,0.006,0.584,0.392,0.16699999999999998,0.667,0.35600000000000004,0.27,0.708,0.207,0.411
SG,29.671232876712327,1.8,1.6,0.2,5.0,2.3,0.8,0.4,1.6,4.3,122.0,113,0.029,0.009000000000000001,0.015,0.8440000000000001,0.6,0.16699999999999998,0.2,0.446,0.83,0.963,0.234,0.493
SF,28.806451612903228,10.6,2.3,2.2,5.1,2.6,1.4,0.4,1.5,2.7,114.0,115,0.171,0.115,0.16699999999999998,0.7090000000000001,0.455,0.441,0.455,0.391,0.777,0.922,0.376,0.419
SF,31.58333333333333,10.6,2.3,2.1,5.1,2.7,1.4,0.4,1.6,2.6,112.0,116,0.17,0.124,0.174,0.68,0.465,0.46,0.443,0.4,0.773,0.912,0.371,0.429
SF,19.285714285714285,10.4,2.2,2.7,5.2,2.0,1.6,0.4,0.9,3.2,124.0,111,0.17600000000000002,0.059,0.129,0.815,0.4,0.2,0.545,0.333,0.8,1.0,0.407,0.364
SG,15.539682539682538,7.5,2.7,0.6,5.6,4.2,1.3,0.8,2.4,5.4,96.0,113,0.129,0.129,0.135,0.6,0.275,0.5,0.333,0.32,0.439,0.918,0.261,0.275
SG,11.333333333333336,6.9,1.9,0.5,5.5,4.6,1.3,0.8,2.6,5.5,87.0,109,0.125,0.118,0.125,0.632,0.17600000000000002,0.5,0.235,0.284,0.407,0.895,0.269,0.111
SG,23.952380952380953,8.2,3.5,0.7,5.7,3.8,1.4,0.8,2.1,5.3,103.0,116,0.132,0.138,0.14400000000000002,0.563,0.348,0.5,0.4,0.349,0.462,0.933,0.256,0.409
C,23.147540983606557,11.8,5.1,6.4,8.3,1.2,1.8,4.1,1.3,6.7,144.0,107,0.073,0.003,0.0,0.775,0.36,0.0,0.0,0.0,0.6679999999999999,0.0,0.0,0.0
PG,20.5,9.8,2.0,1.1,5.8,11.6,1.9,0.1,4.4,2.8,103.0,108,0.171,0.064,0.079,0.58,0.35700000000000004,0.381,0.385,0.328,0.125,0.659,0.192,0.333
PG,25.96,23.0,5.3,1.0,3.6,10.5,1.5,0.6,4.8,1.9,109.0,115,0.252,0.145,0.106,0.665,0.458,0.468,0.438,0.306,0.173,0.644,0.122,0.444
SG,27.3768115942029,8.8,4.7,0.3,5.4,2.1,2.0,0.6,1.8,2.8,106.0,110,0.066,0.104,0.14400000000000002,0.763,0.339,0.398,0.426,0.35100000000000003,0.628,0.87,0.08900000000000001,0.4
PG,34.349206349206355,12.0,4.4,1.2,5.2,6.0,1.4,0.2,3.3,2.9,108.0,115,0.149,0.103,0.078,0.5529999999999999,0.343,0.361,0.384,0.407,0.319,0.8079999999999999,0.187,0.405
PG,31.01538461538461,11.2,5.3,1.1,6.1,13.4,2.2,0.3,4.1,3.9,113.0,111,0.13699999999999998,0.133,0.16899999999999998,0.529,0.284,0.489,0.393,0.361,0.278,0.872,0.269,0.379
PG,32.266666666666666,13.6,6.5,0.6,5.2,9.3,1.6,0.4,4.8,2.8,106.0,115,0.118,0.155,0.139,0.7120000000000001,0.39,0.42,0.517,0.3670000000000001,0.243,0.5379999999999999,0.081,0.429
PG,32.121212121212125,14.2,6.5,0.6,4.9,9.3,1.4,0.4,4.6,2.9,106.0,116,0.124,0.159,0.14300000000000002,0.767,0.38,0.396,0.5489999999999999,0.374,0.275,0.608,0.09,0.483
PG,32.666666666666664,12.0,6.5,0.4,6.2,9.4,2.0,0.5,5.4,2.6,105.0,113,0.1,0.142,0.128,0.609,0.429,0.5,0.407,0.345,0.14300000000000002,0.316,0.055,0.16699999999999998
PF,34.82258064516129,17.6,6.7,4.2,13.1,7.0,1.1,0.7,3.8,4.4,115.0,106,0.225,0.047,0.138,0.6859999999999999,0.382,0.35,0.487,0.254,0.6509999999999999,1.0,0.09,0.16699999999999998
PF,13.852941176470587,10.5,2.8,2.1,7.0,2.2,1.6,1.2,1.5,6.6,118.0,108,0.165,0.104,0.043,0.773,0.526,0.25,0.4,0.154,0.7879999999999999,1.0,0.769,0.1
PF,24.72727272727273,8.8,3.7,2.9,8.9,3.6,1.1,0.5,2.6,4.5,114.0,112,0.141,0.037000000000000005,0.065,0.669,0.395,0.5,0.486,0.35700000000000004,0.669,0.976,0.166,0.231
SG,28.892307692307693,9.0,3.1,1.9,4.6,9.1,2.1,0.2,3.3,3.5,111.0,112,0.212,0.1,0.04,0.595,0.402,0.473,0.273,0.322,0.341,0.906,0.28600000000000003,0.368
PF,11.151515151515152,3.9,1.9,0.9,5.1,1.9,1.0,0.5,0.9,6.4,104.0,118,0.109,0.054000000000000006,0.022,0.5710000000000001,0.4,0.6,0.5,0.311,0.688,1.0,0.295,0.5
PG,30.753846153846155,15.6,5.7,0.5,5.3,6.4,1.1,0.3,4.0,3.5,108.0,112,0.121,0.174,0.141,0.639,0.444,0.44,0.456,0.385,0.35700000000000004,0.84,0.105,0.529
PF,17.75,5.3,1.5,2.6,7.3,2.2,0.8,0.2,1.0,3.9,117.0,112,0.086,0.06,0.04,0.603,0.5,0.381,0.35700000000000004,0.369,0.696,1.0,0.217,0.255
PF,10.634146341463415,3.9,0.8,2.2,7.6,2.7,2.5,1.3,1.6,4.6,103.0,107,0.066,0.033,0.055,0.826,0.16699999999999998,0.333,0.2,0.278,0.591,1.0,0.444,0.417
PG,32.96923076923077,18.9,6.1,1.4,3.2,4.4,1.5,0.2,3.6,3.2,108.0,118,0.215,0.153,0.068,0.615,0.391,0.446,0.419,0.38,0.293,0.742,0.11,0.536
SG,27.396226415094336,3.1,2.5,0.2,3.1,3.2,0.7,0.3,1.4,4.6,115.0,113,0.043,0.038,0.031,0.6859999999999999,0.118,0.5329999999999999,0.16699999999999998,0.375,0.596,0.973,0.267,0.418
SF,18.53846153846154,6.1,1.4,1.8,4.9,2.4,2.4,0.4,2.0,4.1,85.0,109,0.031,0.078,0.219,0.6,0.5,0.4,0.28600000000000003,0.242,0.769,0.875,0.242,0.25
PF,35.166666666666664,16.7,6.8,1.4,8.5,4.7,1.4,1.2,3.3,3.8,107.0,105,0.235,0.07400000000000001,0.083,0.703,0.382,0.329,0.304,0.359,0.423,0.664,0.222,0.383
PG,35.385964912280706,15.4,7.2,2.7,8.0,10.9,2.9,0.8,4.8,4.5,116.0,106,0.304,0.04,0.006,0.7190000000000001,0.365,0.154,0.0,0.28600000000000003,0.507,1.0,0.429,0.667
SG,20.7,10.2,3.0,0.8,4.2,3.2,0.9,0.3,2.0,4.4,102.0,119,0.131,0.127,0.11,0.575,0.343,0.353,0.441,0.332,0.374,0.68,0.168,0.368
SG,31.98333333333333,7.2,3.8,1.1,4.6,7.3,2.5,0.7,2.6,4.1,110.0,107,0.163,0.103,0.044,0.539,0.35100000000000003,0.443,0.267,0.34700000000000003,0.303,0.723,0.147,0.345
PG,15.794117647058822,14.2,4.8,1.9,5.2,8.9,2.5,0.7,5.3,5.9,84.0,112,0.128,0.081,0.204,0.5429999999999999,0.222,0.235,0.18600000000000005,0.29600000000000004,0.179,0.563,0.14800000000000002,0.375
PG,26.279411764705888,13.6,2.2,0.8,4.9,8.7,1.5,0.8,2.5,2.8,108.0,117,0.168,0.161,0.19,0.617,0.362,0.514,0.359,0.3670000000000001,0.171,0.742,0.272,0.348
SF,27.813559322033896,3.8,1.0,0.3,3.1,3.8,1.0,0.4,0.9,3.0,121.0,117,0.118,0.068,0.047,0.6920000000000001,0.489,0.34600000000000003,0.556,0.402,0.647,0.892,0.374,0.4320000000000001
C,18.081632653061224,10.0,5.0,4.2,7.7,2.5,1.8,1.3,2.9,3.4,107.0,112,0.112,0.078,0.132,0.556,0.303,0.478,0.333,0.391,0.607,1.0,0.182,0.55
SG,14.419354838709678,9.7,3.1,1.2,3.8,6.0,1.6,1.0,2.4,4.8,100.0,110,0.204,0.063,0.0,0.725,0.276,0.222,0.0,0.264,0.574,0.929,0.302,0.625
PF,10.666666666666666,7.5,2.8,4.5,12.1,5.1,0.5,1.2,6.1,10.3,95.0,113,0.191,0.106,0.043,0.7240000000000001,0.444,0.4,0.5,0.0,0.75,0.0,0.5,0.0
PF,13.25,7.4,2.7,4.5,12.2,5.2,0.4,0.9,5.6,9.7,99.0,114,0.18600000000000005,0.116,0.023,0.741,0.375,0.4,1.0,0.0,0.731,0.0,0.5,0.0
PF,34.31818181818182,16.1,6.7,1.4,8.4,4.3,2.0,1.2,3.3,2.9,111.0,106,0.155,0.126,0.08900000000000001,0.618,0.374,0.396,0.394,0.403,0.433,0.545,0.171,0.413
PG,24.813559322033896,11.8,6.3,0.9,3.7,9.8,1.4,0.6,3.7,3.4,112.0,116,0.297,0.123,0.039,0.574,0.407,0.317,0.368,0.368,0.159,0.465,0.085,0.5
PG,27.794117647058826,11.6,7.1,0.7,3.6,10.2,1.2,0.6,3.7,3.4,116.0,116,0.315,0.102,0.019,0.531,0.431,0.394,0.667,0.379,0.134,0.424,0.08,0.28600000000000003
PG,20.76,12.1,4.8,1.1,3.8,9.0,1.7,0.5,3.6,3.2,105.0,117,0.261,0.16399999999999998,0.079,0.654,0.349,0.222,0.231,0.333,0.207,0.6,0.1,1.0
SG,27.903225806451612,5.5,2.4,0.8,5.2,4.3,1.3,0.8,1.7,3.0,106.0,111,0.055,0.06,0.056,0.584,0.375,0.28600000000000003,0.424,0.329,0.611,0.858,0.28800000000000003,0.35100000000000003
C,24.092307692307692,10.2,3.5,4.3,8.8,3.4,1.1,2.6,1.7,6.7,130.0,105,0.16899999999999998,0.073,0.04,0.7290000000000001,0.458,0.516,0.412,0.333,0.804,1.0,0.135,0.385
PG,23.125,12.0,3.8,0.6,2.9,7.4,0.7,0.3,3.9,3.9,103.0,120,0.157,0.185,0.14800000000000002,0.536,0.299,0.392,0.476,0.413,0.385,0.769,0.111,0.238
SG,10.731707317073173,5.5,1.3,1.0,5.6,2.4,1.1,0.1,1.7,4.1,119.0,109,0.053,0.087,0.14,0.444,0.375,0.462,0.619,0.475,0.769,0.957,0.212,0.524
PF,30.192982456140353,15.2,4.6,6.4,9.9,3.4,0.9,1.4,2.9,3.5,112.0,114,0.3720000000000001,0.073,0.018000000000000002,0.624,0.435,0.317,0.1,0.391,0.599,0.667,0.087,0.0
SG,19.8,4.1,1.5,1.7,2.4,3.0,3.5,1.8,1.9,5.3,105.0,106,0.079,0.03,0.026,0.653,0.28600000000000003,0.25,0.14300000000000002,0.35700000000000004,0.732,1.0,0.338,0.415
PF,15.854545454545455,2.0,1.6,1.9,6.5,2.3,1.0,0.6,1.9,4.0,103.0,115,0.06,0.011,0.022,0.4,0.364,0.5,0.75,0.338,0.875,0.98,0.228,0.424
PF,16.78787878787879,2.4,1.6,2.3,7.1,2.5,0.7,0.8,1.8,4.6,106.0,117,0.06,0.009000000000000001,0.017,0.444,0.429,1.0,0.5,0.337,0.846,0.967,0.258,0.435
PF,18.153846153846157,1.4,1.6,1.0,5.5,2.0,1.4,0.2,1.8,2.8,110.0,113,0.063,0.021,0.021,0.0,0.333,0.0,1.0,0.415,1.0,1.0,0.171,0.5710000000000001
SG,20.923076923076927,7.0,0.9,1.6,7.6,4.6,2.3,0.9,2.8,5.3,98.0,112,0.19,0.016,0.032,0.72,0.25,0.0,0.0,0.348,0.476,1.0,0.348,0.375
C,33.91428571428571,13.5,8.8,3.7,11.1,6.0,1.3,1.6,4.3,4.6,121.0,110,0.14800000000000002,0.032,0.047,0.721,0.457,0.25,0.276,0.412,0.505,0.816,0.101,0.429
SF,21.83606557377049,6.2,1.6,0.9,2.7,2.2,1.7,0.6,0.8,3.2,121.0,117,0.075,0.1,0.113,0.696,0.333,0.4320000000000001,0.44,0.418,0.44,0.857,0.272,0.411
SG,12.125,8.9,7.2,1.0,3.8,4.7,0.5,0.7,3.7,4.9,115.0,118,0.057,0.085,0.151,0.682,0.16699999999999998,0.667,0.625,0.358,0.281,0.789,0.132,0.429
PF,34.263888888888886,2.4,0.9,2.1,6.8,2.2,1.4,0.7,1.4,4.3,114.0,111,0.08900000000000001,0.035,0.026,0.619,0.474,0.467,0.545,0.358,0.7290000000000001,0.991,0.7659999999999999,0.384
SG,13.210526315789476,11.5,2.6,1.5,5.6,7.1,1.7,1.5,4.8,3.7,84.0,115,0.149,0.343,0.134,0.55,0.5,0.261,0.333,0.0,0.4,0.0,0.2,0.0
C,29.451612903225808,9.0,4.5,2.3,8.5,1.9,1.2,3.5,2.3,4.4,108.0,105,0.152,0.107,0.094,0.677,0.483,0.54,0.309,0.344,0.7090000000000001,1.0,0.14800000000000002,0.35100000000000003
C,26.357142857142854,16.4,5.1,5.4,14.6,3.3,0.8,1.9,3.2,4.7,120.0,107,0.359,0.068,0.027000000000000003,0.735,0.5429999999999999,0.34,0.45,0.35200000000000004,0.588,1.0,0.14300000000000002,0.231
SF,13.555555555555555,9.9,0.8,0.9,6.4,4.2,2.6,0.6,2.6,5.0,100.0,109,0.152,0.14300000000000002,0.08,0.545,0.444,0.529,0.579,0.336,0.412,0.7829999999999999,0.153,0.429
SG,35.7037037037037,9.8,4.9,0.4,4.6,8.8,2.5,0.4,3.0,3.3,113.0,106,0.113,0.038,0.06,0.5489999999999999,0.23,0.276,0.326,0.39,0.185,0.6920000000000001,0.158,0.441
C,10.472222222222221,9.5,4.0,4.6,10.8,3.5,1.4,0.7,2.6,4.9,121.0,111,0.315,0.0,0.011,0.723,0.517,0.0,0.0,0.2,0.551,1.0,0.2,0.333
C,11.965517241379311,9.6,3.7,4.5,11.0,3.5,1.5,0.8,2.5,4.8,119.0,111,0.314,0.0,0.012,0.705,0.519,0.0,0.0,0.14300000000000002,0.556,1.0,0.14300000000000002,0.0
C,32.225806451612904,18.1,4.1,3.4,13.0,5.4,1.3,1.1,2.1,3.3,114.0,107,0.27,0.131,0.084,0.675,0.487,0.43,0.425,0.339,0.7190000000000001,0.99,0.031,0.778
C,18.555555555555557,10.4,5.3,3.1,9.1,3.1,1.6,1.1,3.7,8.5,114.0,113,0.188,0.015,0.008,0.777,0.34,0.5,0.0,0.313,0.767,1.0,0.163,0.385
PG,31.107142857142854,11.5,6.7,1.0,5.0,7.4,1.3,0.8,3.2,2.5,116.0,110,0.111,0.076,0.08199999999999999,0.597,0.273,0.471,0.466,0.381,0.247,0.489,0.053,0.36
SG,16.19672131147541,12.4,3.0,1.1,5.6,3.3,1.5,0.7,2.1,3.8,100.0,115,0.188,0.09,0.123,0.584,0.313,0.281,0.341,0.406,0.595,0.951,0.248,0.36
SG,11.428571428571427,8.4,5.0,0.9,5.5,3.8,2.0,0.3,2.9,5.5,80.0,115,0.136,0.068,0.023,0.579,0.16699999999999998,0.333,0.0,0.067,0.615,0.0,0.267,0.0
PG,19.281690140845075,9.2,4.8,0.8,4.3,6.3,2.2,0.5,2.7,4.7,115.0,109,0.235,0.083,0.105,0.6920000000000001,0.271,0.433,0.395,0.363,0.4320000000000001,0.892,0.049,0.8
SF,32.86567164179105,17.0,4.5,1.5,4.7,2.2,1.7,0.7,1.9,4.1,116.0,110,0.171,0.21600000000000005,0.112,0.759,0.465,0.488,0.455,0.403,0.609,0.901,0.412,0.419
PF,30.32758620689655,10.2,3.9,1.7,7.3,3.5,1.5,1.3,2.6,4.5,105.0,112,0.25,0.024,0.012,0.66,0.34,0.214,0.429,0.374,0.7859999999999999,0.965,0.274,0.508
PG,10.818181818181818,10.1,3.2,0.0,4.9,6.5,4.1,0.8,6.1,5.3,73.0,103,0.184,0.122,0.061,0.7140000000000001,0.222,0.16699999999999998,0.667,0.16699999999999998,0.2,0.25,0.125,0.0
PG,35.94736842105263,24.1,8.6,2.3,7.9,9.1,2.1,0.5,5.8,4.5,106.0,109,0.142,0.13,0.14800000000000002,0.64,0.363,0.404,0.402,0.258,0.235,0.655,0.192,0.22
PG,25.753846153846155,12.0,3.7,0.8,5.8,5.0,1.4,0.2,3.1,3.4,100.0,112,0.106,0.054000000000000006,0.107,0.529,0.321,0.3720000000000001,0.329,0.354,0.263,0.759,0.141,0.377
SG,24.661764705882355,9.6,6.0,1.0,5.4,6.9,1.3,1.7,2.5,4.3,118.0,114,0.192,0.094,0.069,0.6,0.528,0.385,0.368,0.366,0.385,0.81,0.14800000000000002,0.344
C,29.970149253731346,16.5,5.7,6.1,15.4,1.9,0.6,4.7,2.8,4.7,125.0,107,0.259,0.108,0.064,0.74,0.511,0.395,0.422,0.5710000000000001,0.6459999999999999,1.0,0.0,0.0
SF,34.407407407407405,16.2,6.7,1.7,5.2,5.0,1.1,1.3,3.3,3.2,105.0,114,0.212,0.102,0.094,0.6859999999999999,0.454,0.33,0.337,0.332,0.393,0.775,0.138,0.326
SF,34.642857142857146,16.4,6.6,1.5,5.5,4.9,0.9,1.1,3.4,3.2,104.0,115,0.214,0.103,0.08199999999999999,0.685,0.456,0.284,0.354,0.331,0.365,0.736,0.135,0.27
SF,33.583333333333336,15.3,7.2,2.1,4.4,5.1,1.9,2.0,3.0,3.1,106.0,113,0.202,0.101,0.14400000000000002,0.6890000000000001,0.447,0.526,0.29600000000000004,0.339,0.5,0.95,0.153,0.556
PF,15.115942028985508,5.3,2.5,2.7,5.5,3.1,1.4,1.7,2.3,7.5,104.0,108,0.19,0.071,0.019,0.6609999999999999,0.55,0.267,0.0,0.25,0.619,0.875,0.4270000000000001,0.293
PF,12.0,8.3,3.4,6.2,10.4,2.1,0.3,2.1,1.3,4.2,126.0,115,0.265,0.118,0.147,0.857,0.556,0.0,0.4,0.0,0.579,0.0,0.5,0.0
PF,21.33333333333333,2.8,1.4,2.8,7.5,3.2,1.5,1.2,1.2,4.9,103.0,111,0.048,0.014,0.02,0.5529999999999999,0.429,0.5,0.333,0.258,0.654,0.96,0.433,0.35700000000000004
PG,28.676923076923078,15.7,8.6,0.8,4.3,9.3,1.1,0.3,4.6,2.0,109.0,111,0.183,0.145,0.142,0.575,0.409,0.368,0.421,0.35200000000000004,0.207,0.64,0.229,0.34700000000000003
PF,19.46551724137931,4.8,2.5,1.3,6.6,2.6,1.6,1.3,1.4,4.4,116.0,110,0.195,0.06,0.022,0.838,0.481,0.375,0.16699999999999998,0.359,0.667,0.982,0.365,0.474
PF,19.70731707317073,5.8,3.1,0.9,5.8,2.5,1.6,1.4,1.6,4.4,115.0,113,0.224,0.062,0.029,0.852,0.489,0.231,0.16699999999999998,0.376,0.64,0.977,0.316,0.514
PF,18.88235294117647,2.6,1.0,2.1,8.4,2.7,1.4,1.1,1.1,4.6,119.0,103,0.08800000000000001,0.053,0.0,0.8,0.4,1.0,0.0,0.308,0.769,1.0,0.513,0.4
C,13.379310344827585,10.9,4.2,5.0,10.9,3.4,2.7,4.4,2.6,6.3,134.0,98,0.136,0.023,0.057,0.797,0.417,1.0,0.4,0.0,0.813,0.0,0.0,0.0
PF,27.83333333333333,24.0,12.3,4.4,6.0,3.5,1.1,0.6,4.1,2.9,115.0,114,0.183,0.022,0.011,0.6679999999999999,0.333,0.375,0.0,0.429,0.755,1.0,0.0,0.0
SG,32.0,14.1,3.7,2.2,7.9,6.1,1.0,0.7,3.3,5.3,93.0,111,0.3720000000000001,0.085,0.078,0.606,0.354,0.455,0.2,0.222,0.5,0.833,0.29600000000000004,0.125
PF,21.370967741935484,13.7,9.0,3.9,10.6,2.2,1.3,2.0,3.1,3.6,123.0,110,0.234,0.041,0.039,0.7929999999999999,0.445,0.381,0.4,0.386,0.7140000000000001,0.926,0.279,0.385
PG,21.506849315068493,8.7,3.1,2.2,6.5,7.5,2.6,0.7,2.2,2.9,120.0,110,0.265,0.032,0.024,0.645,0.349,0.385,0.2,0.37,0.308,0.809,0.173,0.5
PF,24.859375,11.5,2.2,2.8,6.7,3.5,2.8,0.7,3.1,4.1,101.0,108,0.25,0.023,0.028,0.601,0.413,0.214,0.353,0.35600000000000004,0.568,0.937,0.423,0.362
PG,35.333333333333336,15.0,12.3,0.7,4.9,12.3,1.4,0.2,6.4,2.3,114.0,117,0.16699999999999998,0.146,0.05,0.596,0.452,0.467,0.413,0.361,0.161,0.298,0.033,0.579
C,23.12068965517241,15.1,6.7,6.0,9.4,3.3,1.5,0.9,2.8,5.2,116.0,111,0.242,0.027000000000000003,0.004,0.659,0.422,0.154,1.0,0.24,0.7040000000000001,0.944,0.053,0.5
C,10.045454545454543,15.9,4.2,4.0,10.6,1.3,1.5,1.1,2.2,5.9,116.0,113,0.361,0.111,0.014,0.622,0.462,0.75,0.0,0.0,0.7559999999999999,0.0,0.0,0.0
C,18.416666666666668,13.7,5.9,7.0,12.3,2.9,0.6,2.4,2.2,6.0,134.0,105,0.229,0.042,0.034,0.684,0.42,0.438,0.769,0.0,0.725,0.0,0.0,0.0
